Time,X_inner,Y_inner,Z_inner,X_outer,Y_outer,Z_outer,X_target,Y_target,Z_target,Force
0.01,-0.9895547214260416,0.0,1.9882840618190782,-0.9895547214260368,-1.1102230246251566e-17,1.9882840618190685,-2.0,4.0,45.5,0.0
0.02,-0.9898140216593778,0.0,1.9886428495045931,-0.9898140216593735,-1.1102230246251566e-17,1.9886428495045838,-2.0,4.0,45.5,0.0
0.03,-0.9900609743077357,0.0,1.988984543452239,-0.9900609743077318,-1.1102230246251566e-17,1.9889845434522306,-2.0,4.0,45.5,0.0
0.04,-0.9902961673486926,0.0,1.9893099584550313,-0.9902961673486883,-1.1102230246251566e-17,1.9893099584550242,-2.0,4.0,45.5,0.0
0.05,-0.9905201607610047,0.0,1.9896198704307464,-0.9905201607610014,-1.1102230246251566e-17,1.9896198704307402,-2.0,4.0,45.5,0.0
0.060000000000000005,-0.9907334878578885,0.0,1.9899150182802428,-0.990733487857886,-1.1102230246251566e-17,1.9899150182802372,-2.0,4.0,45.5,0.0
0.07,-0.9909856408578886,1.980432991081255e-06,1.9852360125394675,-0.9909856408578831,1.980432991044445e-06,1.9852360125394597,-2.0,4.0,45.5,0.0
0.08,-0.9912257865944676,3.866558501603809e-06,1.9807798121860312,-0.9912257865944618,3.86655850155293e-06,1.9807798121860223,-2.0,4.0,45.5,0.0
0.09,-0.9914544968394322,5.662867416050054e-06,1.9765358078512296,-0.9914544968394283,5.662867416034168e-06,1.9765358078512218,-2.0,4.0,45.5,0.0
0.09999999999999999,-0.9917152311862664,8.455553074328926e-06,1.9677321716592264,-0.9917152311862637,8.455553074271371e-06,1.9677321716592204,-2.0,4.0,45.5,0.0
0.10999999999999999,-0.9920003843389658,1.1489673999119726e-05,1.954585991121861,-0.9920003843389631,1.1489673999087735e-05,1.9545859911218535,-2.0,4.0,45.5,0.0
0.11999999999999998,-0.9923027061472377,1.4237367941036953e-05,1.9373040139237192,-0.9923027061472341,1.4237367941005718e-05,1.93730401392371,-2.0,4.0,45.5,0.0
0.12999999999999998,-0.9944955664688278,1.1262527870505038e-05,1.6811802423282176,-0.9944955664688215,1.1262527870536942e-05,1.681180242328208,-2.0,4.0,45.5,0.0
0.13999999999999999,-0.9946813497778476,1.5528651414618743e-05,1.6769176083962558,-0.9953719412105577,1.0027028640147151e-05,1.5534549217564937,-2.0,4.0,45.5,0.0
0.15,-0.9948582862792109,1.9591626216223027e-05,1.6728579530603145,-0.9955578143604222,1.1720767612688476e-05,1.5457507209289196,-2.0,4.0,45.5,0.0
0.16,-0.9950267972471518,2.3461125966524725e-05,1.6689916111110377,-0.9957348364174466,1.3333852313257566e-05,1.5384133841992775,-2.0,4.0,45.5,0.0
0.17,-0.9951632641189028,2.971334924867465e-05,1.6700712192916587,-0.9964346955781131,9.428919391263335e-06,1.409677912086315,-2.0,4.0,45.5,0.0
0.18000000000000002,-0.9952932325774256,3.566784716673659e-05,1.6710994149345861,-0.9965850735763864,1.0404445801215356e-05,1.4040583494659247,-2.0,4.0,45.5,0.0
0.19000000000000003,-0.995391361291865,4.4550172783826043e-05,1.6768404726991706,-0.9972083816275331,6.000077020906769e-06,1.2710898824696055,-2.0,4.0,45.5,0.0
0.20000000000000004,-0.9954575480547654,5.691726762753776e-05,1.6870699520453345,-0.9978056209343261,2.1879379192846216e-06,1.1297339599524316,-2.0,4.0,45.5,0.0
0.21000000000000005,-0.9954917092639619,7.335130703955289e-05,1.7017725062423834,0.0,0.0,0.0,-2.0,4.0,45.5,0.0
0.22000000000000006,-0.9955242437550792,8.900276757520015e-05,1.7157749379229497,0.0,0.0,0.0,-2.0,4.0,45.5,0.0
0.23000000000000007,-0.9955552289900104,0.00010390891477736725,1.729110586398335,0.0,0.0,0.0,-2.0,4.0,45.5,0.0
0.24000000000000007,-0.9955467428431797,0.00012443224321022692,1.7465729669392036,0.0,0.0,0.0,-2.0,4.0,45.5,0.0
0.25000000000000006,-1.0005883662656399,0.00015138135119460141,1.7776492787405929,0.0,0.0,0.0,-2.0,4.0,45.5,0.0
0.26000000000000006,-1.0052111058194964,0.0001771527885614838,1.807011303852664,0.0,0.0,0.0,-2.0,4.0,45.5,0.0
0.2700000000000001,-1.010116390320512,0.00021074813424578308,1.8408239732750868,0.0,0.0,0.0,-2.0,4.0,45.5,0.0
0.2800000000000001,-1.015261319705304,0.0002530679595840637,1.8788413734368539,0.0,0.0,0.0,-2.0,4.0,45.5,0.0
0.2900000000000001,-1.019925675313472,0.00029364183130062835,1.9147395280404953,0.0,0.0,0.0,-2.0,4.0,45.5,0.0
0.3000000000000001,-1.0248073950099235,0.0003449251022022161,1.954705799066913,0.0,0.0,0.0,-2.0,4.0,45.5,0.0
0.3100000000000001,-1.0298747628683942,0.000407833271599741,1.998523700734634,0.0,0.0,0.0,-2.0,4.0,45.5,0.0
0.3200000000000001,-1.0344136205151346,0.0004682524936332588,2.0398741712314403,0.0,0.0,0.0,-2.0,4.0,45.5,0.0
0.3300000000000001,-1.0384429681534564,0.0005260271519064471,2.0788583213596272,0.0,0.0,0.0,-2.0,4.0,45.5,0.0
0.34000000000000014,-1.0399823599963562,0.0005912606004882096,2.1222202216996844,0.0,0.0,0.0,-2.0,4.0,45.5,0.0
0.35000000000000014,-1.0412774694775002,0.0006532308178165064,2.1634748382123004,0.0,0.0,0.0,-2.0,4.0,45.5,0.0
0.36000000000000015,-1.042511635166754,0.0007128286586581159,2.202362392540777,0.0,0.0,0.0,-2.0,4.0,45.5,0.0
0.37000000000000016,-1.0470462543435568,0.0007912148302259541,2.2448146215273614,0.0,0.0,0.0,-2.0,4.0,45.5,0.0
0.38000000000000017,-1.052469972284053,0.0008822827439253147,2.291469780854836,0.0,0.0,0.0,-2.0,4.0,45.5,0.0
0.3900000000000002,-1.0587227959373093,0.0009873181929363653,2.342097990807503,0.0,0.0,0.0,-2.0,4.0,45.5,0.0
0.4000000000000002,-1.0656906614410424,0.0011078543357746413,2.396450120387039,0.0,0.0,0.0,-2.0,4.0,45.5,0.0
0.4100000000000002,-1.072259234941851,0.0012218533892399894,2.450833381234557,0.0,0.0,0.0,-2.0,4.0,45.5,0.0
0.4200000000000002,-1.0793923949918223,0.001353249125665752,2.5086530745662623,0.0,0.0,0.0,-2.0,4.0,45.5,0.0
0.4300000000000002,-1.0855146731177825,0.001478668801798877,2.5629692781470954,0.0,0.0,0.0,-2.0,4.0,45.5,0.0
0.4400000000000002,-1.0917168046943029,0.001623404384504329,2.6203251723756313,0.0,0.0,0.0,-2.0,4.0,45.5,0.0
0.45000000000000023,-1.0983408150653602,0.0017892596321481221,2.680839481871171,0.0,0.0,0.0,-2.0,4.0,45.5,0.0
0.46000000000000024,-1.1052782554165055,0.0019783385980807547,2.744289936380709,0.0,0.0,0.0,-2.0,4.0,45.5,0.0
0.47000000000000025,-1.1110942618757305,0.002159292946104077,2.8038208077163937,0.0,0.0,0.0,-2.0,4.0,45.5,0.0
0.48000000000000026,-1.1158646336884277,0.0023317951736315746,2.8596175897786136,0.0,0.0,0.0,-2.0,4.0,45.5,0.0
0.49000000000000027,-1.1196629634357027,0.0024957476331548727,2.9118592211045033,0.0,0.0,0.0,-2.0,4.0,45.5,0.0
0.5000000000000002,-1.1231556206704563,0.002685659213165983,2.966730273886138,0.0,0.0,0.0,-2.0,4.0,45.5,0.0
0.5100000000000002,-1.1270266656141452,0.0029028269939797686,3.024721377254249,0.0,0.0,0.0,-2.0,4.0,45.5,0.0
0.5200000000000002,-1.130061818703358,0.00310918737573513,3.079097712611463,0.0,0.0,0.0,-2.0,4.0,45.5,0.0
0.5300000000000002,-1.1332173889860515,0.0033460645330901572,3.1363499311049776,0.0,0.0,0.0,-2.0,4.0,45.5,0.0
0.5400000000000003,-1.1355944486371055,0.0035709623809079263,3.1900271201704964,0.0,0.0,0.0,-2.0,4.0,45.5,0.0
0.5500000000000003,-1.1381115141997518,0.003829107175779445,3.246598998171075,0.0,0.0,0.0,-2.0,4.0,45.5,0.0
0.5600000000000003,-1.1409104425580048,0.004121338727585648,3.3060846746820896,0.0,0.0,0.0,-2.0,4.0,45.5,0.0
0.5700000000000003,-1.1439212833638384,0.004450075664024376,3.3682933984092585,0.0,0.0,0.0,-2.0,4.0,45.5,0.0
0.5800000000000003,-1.147076902337941,0.004817860651578413,3.4330423951078286,0.0,0.0,0.0,-2.0,4.0,45.5,0.0
0.5900000000000003,-1.1454840400846973,0.005183586065228795,3.500656191597145,0.0,0.0,0.0,-2.0,4.0,45.5,0.0
0.6000000000000003,-1.1437437347861108,0.005535903455856945,3.564119504508635,0.0,0.0,0.0,-2.0,4.0,45.5,0.0
0.6100000000000003,-1.1418341502585063,0.005874659805214786,3.623605104783552,0.0,0.0,0.0,-2.0,4.0,45.5,0.0
0.6200000000000003,-1.1397386102394123,0.006199881483717376,3.6792857518462627,0.0,0.0,0.0,-2.0,4.0,45.5,0.0
0.6300000000000003,-1.137445813570313,0.006511716685313211,3.731333407345679,0.0,0.0,0.0,-2.0,4.0,45.5,0.0
0.6400000000000003,-1.1349497450559132,0.006810398792017662,3.7799185237532402,0.0,0.0,0.0,-2.0,4.0,45.5,0.0
0.6500000000000004,-1.1354638980459013,0.007174325153298592,3.8307095677411214,0.0,0.0,0.0,-2.0,4.0,45.5,0.0
0.6600000000000004,-1.1353657610938959,0.007518919689065749,3.8781753814259,0.0,0.0,0.0,-2.0,4.0,45.5,0.0
0.6700000000000004,-1.1357459468114723,0.007902385757346128,3.928928600810798,0.0,0.0,0.0,-2.0,4.0,45.5,0.0
0.6800000000000004,-1.1367364865976342,0.00832524642705568,3.982931586330517,0.0,0.0,0.0,-2.0,4.0,45.5,0.0
0.6900000000000004,-1.1383449298851875,0.00878907850165853,4.040050675316518,0.0,0.0,0.0,-2.0,4.0,45.5,0.0
0.7000000000000004,-1.1405298871078364,0.009295945109038454,4.100125473815976,0.0,0.0,0.0,-2.0,4.0,45.5,0.0
0.7100000000000004,-1.143221681042476,0.009848304745222882,4.162983854836376,0.0,0.0,0.0,-2.0,4.0,45.5,0.0
0.7200000000000004,-1.1450018024498292,0.010376522720532388,4.2217811647468695,0.0,0.0,0.0,-2.0,4.0,45.5,0.0
0.7300000000000004,-1.1459439823471191,0.010880775946152435,4.27672957702373,0.0,0.0,0.0,-2.0,4.0,45.5,0.0
0.7400000000000004,-1.146903258469746,0.011436502459702479,4.334256479439848,0.0,0.0,0.0,-2.0,4.0,45.5,0.0
0.7500000000000004,-1.1483495022133858,0.012043831247398643,4.394647638475924,0.0,0.0,0.0,-2.0,4.0,45.5,0.0
0.7600000000000005,-1.1490085824408907,0.012624216592269413,4.4511372413051395,0.0,0.0,0.0,-2.0,4.0,45.5,0.0
0.7700000000000005,-1.1489448731610379,0.01317814087979485,4.503931514916193,0.0,0.0,0.0,-2.0,4.0,45.5,0.0
0.7800000000000005,-1.1489899403802448,0.013790836993284476,4.559443789251681,0.0,0.0,0.0,-2.0,4.0,45.5,0.0
0.7900000000000005,-1.148419230414972,0.01437511304893043,4.611375529519878,0.0,0.0,0.0,-2.0,4.0,45.5,0.0
0.8000000000000005,-1.147282610543476,0.014931971155713411,4.659916321957877,0.0,0.0,0.0,-2.0,4.0,45.5,0.0
0.8100000000000005,-1.146405995840663,0.01555254988514467,4.7114828616703734,0.0,0.0,0.0,-2.0,4.0,45.5,0.0
0.8200000000000005,-1.1460185503838556,0.016235455772085794,4.766185961227671,0.0,0.0,0.0,-2.0,4.0,45.5,0.0
0.8300000000000005,-1.1460536748437442,0.016983393877200853,4.823843873275674,0.0,0.0,0.0,-2.0,4.0,45.5,0.0
0.8400000000000005,-1.1454727034475105,0.01769854448401499,4.877837589808485,0.0,0.0,0.0,-2.0,4.0,45.5,0.0
0.8500000000000005,-1.145117665335622,0.0184866771564375,4.934625910729535,0.0,0.0,0.0,-2.0,4.0,45.5,0.0
0.8600000000000005,-1.1451083203810277,0.019346370288361926,4.994224290112551,0.0,0.0,0.0,-2.0,4.0,45.5,0.0
0.8700000000000006,-1.145379203795714,0.020280735763212415,5.056458323283682,0.0,0.0,0.0,-2.0,4.0,45.5,0.0
0.8800000000000006,-1.1425799518817228,0.021237456007071602,5.121472076959694,0.0,0.0,0.0,-2.0,4.0,45.5,0.0
0.8900000000000006,-1.1446882755291716,0.022301382953901657,5.188995061753989,0.0,0.0,0.0,-2.0,4.0,45.5,0.0
0.9000000000000006,-1.1458436768730722,0.023322273495541706,5.252261635959669,0.0,0.0,0.0,-2.0,4.0,45.5,0.0
0.9100000000000006,-1.1470253970322917,0.02441280256830493,5.3178557798113095,0.0,0.0,0.0,-2.0,4.0,45.5,0.0
0.9200000000000006,-1.1473852951311654,0.025457087649337264,5.3793056297233965,0.0,0.0,0.0,-2.0,4.0,45.5,0.0
0.9300000000000006,-1.1469833550656579,0.026456323923654646,5.436817709621479,0.0,0.0,0.0,-2.0,4.0,45.5,0.0
0.9400000000000006,-1.1458782439858965,0.027411961353239797,5.490590143965886,0.0,0.0,0.0,-2.0,4.0,45.5,0.0
0.9500000000000006,-1.1441274897246914,0.028325600834275575,5.540813344562707,0.0,0.0,0.0,-2.0,4.0,45.5,0.0
0.9600000000000006,-1.1417875070697279,0.029198924453611542,5.587670569687273,0.0,0.0,0.0,-2.0,4.0,45.5,0.0
0.9700000000000006,-1.1395807528317439,0.03014485856985241,5.637471459590725,0.0,0.0,0.0,-2.0,4.0,45.5,0.0
0.9800000000000006,-1.1380855140840984,0.03116447495478963,5.690573283852386,0.0,0.0,0.0,-2.0,4.0,45.5,0.0
0.9900000000000007,-1.1360621157446262,0.032139368741550954,5.740222102466826,0.0,0.0,0.0,-2.0,4.0,45.5,0.0
1.0000000000000007,-1.1335567960515718,0.03307150781171416,5.786598913391592,0.0,0.0,0.0,-2.0,4.0,45.5,0.0
1.0100000000000007,-1.1315165318049305,0.0340822478715669,5.836218064544222,0.0,0.0,0.0,-2.0,4.0,45.5,0.0
1.0200000000000007,-1.130174773606385,0.035173460080597824,5.889152853247725,0.0,0.0,0.0,-2.0,4.0,45.5,0.0
1.0300000000000007,-1.1283048877363653,0.0362191605539011,5.93865399822284,0.0,0.0,0.0,-2.0,4.0,45.5,0.0
1.0400000000000007,-1.1269256772068519,0.037350069403293745,5.991310083744503,0.0,0.0,0.0,-2.0,4.0,45.5,0.0
1.0500000000000007,-1.1261655201021379,0.038567846439731324,6.047112432209635,0.0,0.0,0.0,-2.0,4.0,45.5,0.0
1.0600000000000007,-1.1248565453145758,0.039735597412497686,6.099563928668425,0.0,0.0,0.0,-2.0,4.0,45.5,0.0
1.0700000000000007,-1.123914108264937,0.040996926874989195,6.154960321628602,0.0,0.0,0.0,-2.0,4.0,45.5,0.0
1.0800000000000007,-1.1224044137882172,0.04220866044344865,6.206804125555149,0.0,0.0,0.0,-2.0,4.0,45.5,0.0
1.0900000000000007,-1.1212556814842698,0.04351913183501518,6.261619160841078,0.0,0.0,0.0,-2.0,4.0,45.5,0.0
1.1000000000000008,-1.1195705937485976,0.044778023851840966,6.3129334540511,0.0,0.0,0.0,-2.0,4.0,45.5,0.0
1.1100000000000008,-1.1173924013207865,0.04598694619858221,6.360930446700347,0.0,0.0,0.0,-2.0,4.0,45.5,0.0
1.1200000000000008,-1.1147625917317185,0.04714776015378564,6.405785064478343,0.0,0.0,0.0,-2.0,4.0,45.5,0.0
1.1300000000000008,-1.112422227960082,0.048418925149439546,6.453838240028606,0.0,0.0,0.0,-2.0,4.0,45.5,0.0
1.1400000000000008,-1.1106218537520536,0.04979688542534867,6.505226576472031,0.0,0.0,0.0,-2.0,4.0,45.5,0.0
1.1500000000000008,-1.1092969047718066,0.051284365953115064,6.55975962463134,0.0,0.0,0.0,-2.0,4.0,45.5,0.0
1.1600000000000008,-1.1074865427200677,0.052713972586516195,6.61086781840677,0.0,0.0,0.0,-2.0,4.0,45.5,0.0
1.1700000000000008,-1.1059801700944203,0.0542646376421477,6.664965647271592,0.0,0.0,0.0,-2.0,4.0,45.5,0.0
1.1800000000000008,-1.1048633974010633,0.055932512119988204,6.722029428193311,0.0,0.0,0.0,-2.0,4.0,45.5,0.0
1.1900000000000008,-1.1020937517677012,0.057670395123858034,6.782012780020204,0.0,0.0,0.0,-2.0,4.0,45.5,0.0
1.2000000000000008,-1.102775535596983,0.05953999123905864,6.844913584018481,0.0,0.0,0.0,-2.0,4.0,45.5,0.0
1.2100000000000009,-1.1026870599558367,0.061339928718125436,6.903887047810576,0.0,0.0,0.0,-2.0,4.0,45.5,0.0
1.2200000000000009,-1.1028547060021834,0.06324594693271648,6.965529234515328,0.0,0.0,0.0,-2.0,4.0,45.5,0.0
1.2300000000000009,-1.102322615719566,0.06507844363991316,7.023305964234905,0.0,0.0,0.0,-2.0,4.0,45.5,0.0
1.2400000000000009,-1.1011397308915578,0.0668395520944085,7.077406635137617,0.0,0.0,0.0,-2.0,4.0,45.5,0.0
1.2500000000000009,-1.099354462054188,0.06853163038697695,7.128013137527143,0.0,0.0,0.0,-2.0,4.0,45.5,0.0
1.260000000000001,-1.097014789046896,0.0701571399291803,7.175300474287512,0.0,0.0,0.0,-2.0,4.0,45.5,0.0
1.270000000000001,-1.0941682305694476,0.07171856945588514,7.219437265924346,0.0,0.0,0.0,-2.0,4.0,45.5,0.0
1.280000000000001,-1.0915483881231804,0.07339174548094908,7.266728555613781,0.0,0.0,0.0,-2.0,4.0,45.5,0.0
1.290000000000001,-1.0897002862102392,0.07517462348566473,7.3174914174620875,0.0,0.0,0.0,-2.0,4.0,45.5,0.0
1.300000000000001,-1.0873757648972764,0.07688648211000021,7.364971340148683,0.0,0.0,0.0,-2.0,4.0,45.5,0.0
1.310000000000001,-1.0856579779155215,0.07871229184083237,7.4157835893570745,0.0,0.0,0.0,-2.0,4.0,45.5,0.0
1.320000000000001,-1.0846728050926902,0.0806520292645925,7.469899070229217,0.0,0.0,0.0,-2.0,4.0,45.5,0.0
1.330000000000001,-1.0831170467900468,0.08251837849819497,7.520531724776938,0.0,0.0,0.0,-2.0,4.0,45.5,0.0
1.340000000000001,-1.0820397013925267,0.08450637595022799,7.574272489131044,0.0,0.0,0.0,-2.0,4.0,45.5,0.0
1.350000000000001,-1.081599219059634,0.08661603267729934,7.63113224267876,0.0,0.0,0.0,-2.0,4.0,45.5,0.0
1.360000000000001,-1.080520064932815,0.08864906161039024,7.684347733811601,0.0,0.0,0.0,-2.0,4.0,45.5,0.0
1.370000000000001,-1.0797987801321491,0.09081391389047683,7.740471084815403,0.0,0.0,0.0,-2.0,4.0,45.5,0.0
1.380000000000001,-1.079612615232329,0.09310947545791773,7.799542177505547,0.0,0.0,0.0,-2.0,4.0,45.5,0.0
1.390000000000001,-1.0798814706633466,0.09553975221412639,7.861377131103323,0.0,0.0,0.0,-2.0,4.0,45.5,0.0
1.400000000000001,-1.0794057162933028,0.09788565810231765,7.919274874826446,0.0,0.0,0.0,-2.0,4.0,45.5,0.0
1.410000000000001,-1.0782454727963717,0.10014794965842402,7.973439543046268,0.0,0.0,0.0,-2.0,4.0,45.5,0.0
1.420000000000001,-1.0771623448913648,0.1025672436058536,8.03020648197229,0.0,0.0,0.0,-2.0,4.0,45.5,0.0
1.430000000000001,-1.0765205580192492,0.10513198147959457,8.089817606722141,0.0,0.0,0.0,-2.0,4.0,45.5,0.0
1.440000000000001,-1.0762487958991762,0.10784604380381198,8.152093479803431,0.0,0.0,0.0,-2.0,4.0,45.5,0.0
1.450000000000001,-1.075295253616927,0.11046207856609666,8.210439566539131,0.0,0.0,0.0,-2.0,4.0,45.5,0.0
1.460000000000001,-1.0744898159886804,0.11324811312957188,8.271274421124922,0.0,0.0,0.0,-2.0,4.0,45.5,0.0
1.470000000000001,-1.0739942662816997,0.11619191843497331,8.334651240331052,0.0,0.0,0.0,-2.0,4.0,45.5,0.0
1.480000000000001,-1.0728397685695967,0.11902625810817596,8.394053531511023,0.0,0.0,0.0,-2.0,4.0,45.5,0.0
1.490000000000001,-1.072298031893135,0.12198434327648425,8.456010075788157,0.0,0.0,0.0,-2.0,4.0,45.5,0.0
1.500000000000001,-1.0725944965021845,0.1250551382405384,8.520775380600584,0.0,0.0,0.0,-2.0,4.0,45.5,0.0
1.5100000000000011,-1.0721128099896713,0.12801104639883149,8.581441256588922,0.0,0.0,0.0,-2.0,4.0,45.5,0.0
1.5200000000000011,-1.0720396670697354,0.13109650223560743,8.64468100735543,0.0,0.0,0.0,-2.0,4.0,45.5,0.0
1.5300000000000011,-1.0712154755840282,0.13406588765471308,8.703887141027451,0.0,0.0,0.0,-2.0,4.0,45.5,0.0
1.5400000000000011,-1.0708305919572072,0.137166953504843,8.76573133981048,0.0,0.0,0.0,-2.0,4.0,45.5,0.0
1.5500000000000012,-1.0711477872683943,0.1403925681173462,8.830292762141292,0.0,0.0,0.0,-2.0,4.0,45.5,0.0
1.5600000000000012,-1.072085046198299,0.14374668553588424,8.89740247244557,0.0,0.0,0.0,-2.0,4.0,45.5,0.0
1.5700000000000012,-1.0722033318946675,0.1469784590170982,8.960647181539095,0.0,0.0,0.0,-2.0,4.0,45.5,0.0
1.5800000000000012,-1.0714678642850166,0.15009528326207847,9.019772294631295,0.0,0.0,0.0,-2.0,4.0,45.5,0.0
1.5900000000000012,-1.0707492048243268,0.1533685577577749,9.081185439744218,0.0,0.0,0.0,-2.0,4.0,45.5,0.0
1.6000000000000012,-1.0693142893883725,0.15652106301131288,9.138624783901792,0.0,0.0,0.0,-2.0,4.0,45.5,0.0
1.6100000000000012,-1.068260902121352,0.15982813718452726,9.19869174518461,0.0,0.0,0.0,-2.0,4.0,45.5,0.0
1.6200000000000012,-1.0665365093285892,0.16301252668892285,9.254868218208507,0.0,0.0,0.0,-2.0,4.0,45.5,0.0
1.6300000000000012,-1.0642299546576446,0.16607440885828756,9.307572470354074,0.0,0.0,0.0,-2.0,4.0,45.5,0.0
1.6400000000000012,-1.0622154316333636,0.16930616955889277,9.363009120169767,0.0,0.0,0.0,-2.0,4.0,45.5,0.0
1.6500000000000012,-1.0608177464770385,0.17269920993142132,9.421364309288531,0.0,0.0,0.0,-2.0,4.0,45.5,0.0
1.6600000000000013,-1.0588146576618607,0.17596604106738145,9.475953647403845,0.0,0.0,0.0,-2.0,4.0,45.5,0.0
1.6700000000000013,-1.0572044259561288,0.1794113943352495,9.533298617808429,0.0,0.0,0.0,-2.0,4.0,45.5,0.0
1.6800000000000013,-1.0561294229618756,0.1830283495162528,9.593427354978887,0.0,0.0,0.0,-2.0,4.0,45.5,0.0
1.6900000000000013,-1.0555193075679357,0.18682086376242435,9.656167887397295,0.0,0.0,0.0,-2.0,4.0,45.5,0.0
1.7000000000000013,-1.054217986566144,0.19047698633774518,9.714900366793316,0.0,0.0,0.0,-2.0,4.0,45.5,0.0
1.7100000000000013,-1.0522815162455437,0.19399961860548473,9.769832578336592,0.0,0.0,0.0,-2.0,4.0,45.5,0.0
1.7200000000000013,-1.0505218948970927,0.19773813797326747,9.82729742311414,0.0,0.0,0.0,-2.0,4.0,45.5,0.0
1.7300000000000013,-1.0492267251068481,0.20166481264260022,9.88748951092049,0.0,0.0,0.0,-2.0,4.0,45.5,0.0
1.7400000000000013,-1.048332514333153,0.20578322860924098,9.950238668675535,0.0,0.0,0.0,-2.0,4.0,45.5,0.0
1.7500000000000013,-1.0468091064440124,0.20974747390381776,10.009027482112417,0.0,0.0,0.0,-2.0,4.0,45.5,0.0
1.7600000000000013,-1.044703423990957,0.21356151012746255,10.064055483106259,0.0,0.0,0.0,-2.0,4.0,45.5,0.0
1.7700000000000014,-1.0431220678738518,0.21753864682482477,10.121691929292792,0.0,0.0,0.0,-2.0,4.0,45.5,0.0
1.7800000000000014,-1.040966240871275,0.22136330779881191,10.175618727012594,0.0,0.0,0.0,-2.0,4.0,45.5,0.0
1.7900000000000014,-1.038283164214744,0.2250409756321008,10.22602520818677,0.0,0.0,0.0,-2.0,4.0,45.5,0.0
1.8000000000000014,-1.0362052763138978,0.22888274785546697,10.27947573635332,0.0,0.0,0.0,-2.0,4.0,45.5,0.0
1.8100000000000014,-1.0336117556506035,0.2325761443199894,10.329435758358608,0.0,0.0,0.0,-2.0,4.0,45.5,0.0
1.8200000000000014,-1.0305495631546766,0.23612700515840437,10.376087529960317,0.0,0.0,0.0,-2.0,4.0,45.5,0.0
1.8300000000000014,-1.028136849233705,0.239846364390871,10.425974409184184,0.0,0.0,0.0,-2.0,4.0,45.5,0.0
1.8400000000000014,-1.0252679346768947,0.24342241776654333,10.472572260671749,0.0,0.0,0.0,-2.0,4.0,45.5,0.0
1.8500000000000014,-1.0231581814533213,0.2471659502474196,10.522501932161779,0.0,0.0,0.0,-2.0,4.0,45.5,0.0
1.8600000000000014,-1.021934805958011,0.25107051894363897,10.575732610371212,0.0,0.0,0.0,-2.0,4.0,45.5,0.0
1.8700000000000014,-1.0215576012025016,0.25513641147496763,10.632105415771743,0.0,0.0,0.0,-2.0,4.0,45.5,0.0
1.8800000000000014,-1.0205346688588288,0.2590586076206431,10.684824052015998,0.0,0.0,0.0,-2.0,4.0,45.5,0.0
1.8900000000000015,-1.018922345782489,0.2628405739293951,10.734083440089714,0.0,0.0,0.0,-2.0,4.0,45.5,0.0
1.9000000000000015,-1.0167745085633748,0.26648655943601846,10.780070139783676,0.0,0.0,0.0,-2.0,4.0,45.5,0.0
1.9100000000000015,-1.014992739424176,0.27032440281085457,10.829120963927563,0.0,0.0,0.0,-2.0,4.0,45.5,0.0
1.9200000000000015,-1.0127654593495627,0.27402049925421107,10.874981787712477,0.0,0.0,0.0,-2.0,4.0,45.5,0.0
1.9300000000000015,-1.0112183405032948,0.2779088924485851,10.92419401237,0.0,0.0,0.0,-2.0,4.0,45.5,0.0
1.9400000000000015,-1.0104533766236148,0.2819861750313759,10.976723756871712,0.0,0.0,0.0,-2.0,4.0,45.5,0.0
1.9500000000000015,-1.0091549268294817,0.28591994550757266,11.025884561760352,0.0,0.0,0.0,-2.0,4.0,45.5,0.0
1.9600000000000015,-1.0073672933493958,0.28971415734743217,11.071856203719422,0.0,0.0,0.0,-2.0,4.0,45.5,0.0
1.9700000000000015,-1.0060574329144896,0.29372196189438216,11.121024991866836,0.0,0.0,0.0,-2.0,4.0,45.5,0.0
1.9800000000000015,-1.0043081252513673,0.29758452783311784,11.167059221859574,0.0,0.0,0.0,-2.0,4.0,45.5,0.0
1.9900000000000015,-1.003158226962542,0.30166463703485846,11.216419383494594,0.0,0.0,0.0,-2.0,4.0,45.5,0.0
2.0000000000000013,-1.0019244643888168,0.30567372401221354,11.26688269874738,0.0,0.0,0.0,-2.0,4.0,45.5,0.0
2.010000000000001,-1.0013429677692298,0.3099043109454691,11.320557304992873,0.0,0.0,0.0,-2.0,4.0,45.5,0.0
2.020000000000001,-1.0002415011623325,0.31398842118767545,11.370863811306474,0.0,0.0,0.0,-2.0,4.0,45.5,0.0
2.0300000000000007,-0.9996012460003167,0.318316751391014,11.424207458643735,0.0,0.0,0.0,-2.0,4.0,45.5,0.0
2.0400000000000005,-0.9995182720346877,0.32287514791442257,11.480572987642852,0.0,0.0,0.0,-2.0,4.0,45.5,0.0
2.0500000000000003,-0.9999240220595532,0.3276665582435003,11.539774251218407,0.0,0.0,0.0,-2.0,4.0,45.5,0.0
2.06,-0.9997046021534695,0.33229504321688724,11.595301032744493,0.0,0.0,0.0,-2.0,4.0,45.5,0.0
2.07,-0.9989024192300527,0.3367629109373468,11.647335643515861,0.0,0.0,0.0,-2.0,4.0,45.5,0.0
2.0799999999999996,-0.9975590320326734,0.34107359526980424,11.696052094562113,0.0,0.0,0.0,-2.0,4.0,45.5,0.0
2.0899999999999994,-0.9945487334998233,0.3455846881357883,11.747903516175732,0.0,0.0,0.0,-2.0,4.0,45.5,0.0
2.099999999999999,-0.9914261578521696,0.34993621109061984,11.796588615231911,0.0,0.0,0.0,-2.0,4.0,45.5,0.0
2.109999999999999,-0.9881808746123673,0.35413352870909026,11.84224584124722,0.0,0.0,0.0,-2.0,4.0,45.5,0.0
2.1199999999999988,-0.9848053207498506,0.358181777580359,11.885010649576083,0.0,0.0,0.0,-2.0,4.0,45.5,0.0
2.1299999999999986,-0.9837258856242248,0.36250182228488553,11.930991732524708,0.0,0.0,0.0,-2.0,4.0,45.5,0.0
2.1399999999999983,-0.983709647443252,0.36699129101500916,11.98066269996614,0.0,0.0,0.0,-2.0,4.0,45.5,0.0
2.149999999999998,-0.9847719942264492,0.37164309245183297,12.033877444329386,0.0,0.0,0.0,-2.0,4.0,45.5,0.0
2.159999999999998,-0.9868415029147236,0.37645832432863235,12.090441135068174,0.0,0.0,0.0,-2.0,4.0,45.5,0.0
2.1699999999999977,-0.9881436031268604,0.38110601157452734,12.143442791278382,0.0,0.0,0.0,-2.0,4.0,45.5,0.0
2.1799999999999975,-0.9887309343088119,0.3855904201115266,12.193055697486695,0.0,0.0,0.0,-2.0,4.0,45.5,0.0
2.1899999999999973,-0.9896993100473384,0.3902881146479261,12.245689228263654,0.0,0.0,0.0,-2.0,4.0,45.5,0.0
2.199999999999997,-0.9915590991332528,0.3951682770188738,12.301603089890603,0.0,0.0,0.0,-2.0,4.0,45.5,0.0
2.209999999999997,-0.9942184932612047,0.4002358999977547,12.360595728565466,0.0,0.0,0.0,-2.0,4.0,45.5,0.0
2.2199999999999966,-0.9975762750389701,0.405497682566239,12.422465899513924,0.0,0.0,0.0,-2.0,4.0,45.5,0.0
2.2299999999999964,-1.0014944677864106,0.4109493609482734,12.487017729422229,0.0,0.0,0.0,-2.0,4.0,45.5,0.0
2.239999999999996,-1.0059084410044072,0.4166113393741215,12.554059946512696,0.0,0.0,0.0,-2.0,4.0,45.5,0.0
2.249999999999996,-1.0092067771232027,0.4221041449977432,12.616823896818284,0.0,0.0,0.0,-2.0,4.0,45.5,0.0
2.259999999999996,-1.011476966630382,0.427425281520955,12.67552675084183,0.0,0.0,0.0,-2.0,4.0,45.5,0.0
2.2699999999999956,-1.0137060531366047,0.43301888759820223,12.736442883139222,0.0,0.0,0.0,-2.0,4.0,45.5,0.0
2.2799999999999954,-1.0150879554001808,0.4384200190763176,12.793471383222565,0.0,0.0,0.0,-2.0,4.0,45.5,0.0
2.289999999999995,-1.0168205662720748,0.4440751496804916,12.853085988156458,0.0,0.0,0.0,-2.0,4.0,45.5,0.0
2.299999999999995,-1.019101646473032,0.44995547507865225,12.91536333882661,0.0,0.0,0.0,-2.0,4.0,45.5,0.0
2.3099999999999947,-1.021855482804737,0.4560656964534751,12.980125318237503,0.0,0.0,0.0,-2.0,4.0,45.5,0.0
2.3199999999999945,-1.0250102206235898,0.462410495475047,13.04720137351787,0.0,0.0,0.0,-2.0,4.0,45.5,0.0
2.3299999999999943,-1.0270335910974964,0.46861567199132353,13.110963592796958,0.0,0.0,0.0,-2.0,4.0,45.5,0.0
2.339999999999994,-1.027790246336499,0.47495523497992675,13.17710158496247,0.0,0.0,0.0,-2.0,4.0,45.5,0.0
2.349999999999994,-1.0315983126483002,0.48148695448258,13.245698924705701,0.0,0.0,0.0,-2.0,4.0,45.5,0.0
2.3599999999999937,-1.0362296896395051,0.488139145099398,13.31667720829824,0.0,0.0,0.0,-2.0,4.0,45.5,0.0
2.3699999999999934,-1.0415797810169365,0.4949164297778383,13.389872287628492,0.0,0.0,0.0,-2.0,4.0,45.5,0.0
2.3799999999999932,-1.0456594862916806,0.5014719809467624,13.45839557506668,0.0,0.0,0.0,-2.0,4.0,45.5,0.0
2.389999999999993,-1.0485704199433494,0.5078084749332743,13.522481651019529,0.0,0.0,0.0,-2.0,4.0,45.5,0.0
2.399999999999993,-1.0514184138960279,0.5143421631222153,13.588486508152235,0.0,0.0,0.0,-2.0,4.0,45.5,0.0
2.4099999999999926,-1.0532939661631955,0.5206466432628065,13.65023238161551,0.0,0.0,0.0,-2.0,4.0,45.5,0.0
2.4199999999999924,-1.0557085339084589,0.527115526421519,13.714368553387805,0.0,0.0,0.0,-2.0,4.0,45.5,0.0
2.429999999999992,-1.0571970705820606,0.5333583556913707,13.7743405363683,0.0,0.0,0.0,-2.0,4.0,45.5,0.0
2.439999999999992,-1.059255400074179,0.5397734846514592,13.836781422755829,0.0,0.0,0.0,-2.0,4.0,45.5,0.0
2.4499999999999917,-1.0604322992852298,0.5459651409414855,13.895150455603064,0.0,0.0,0.0,-2.0,4.0,45.5,0.0
2.4599999999999915,-1.0622014788716458,0.5523384896212409,13.956059441291558,0.0,0.0,0.0,-2.0,4.0,45.5,0.0
2.4699999999999913,-1.0631328049265956,0.5584900317443622,14.012987185722725,0.0,0.0,0.0,-2.0,4.0,45.5,0.0
2.479999999999991,-1.06467414782827,0.5648335076403674,14.072520870001194,0.0,0.0,0.0,-2.0,4.0,45.5,0.0
2.489999999999991,-1.065419666978223,0.570955848373236,14.128161879952247,0.0,0.0,0.0,-2.0,4.0,45.5,0.0
2.4999999999999907,-1.0664655103934286,0.5772209812049668,14.186478424801455,0.0,0.0,0.0,-2.0,4.0,45.5,0.0
2.5099999999999905,-1.0682974647061667,0.5836825157380151,14.247497190820512,0.0,0.0,0.0,-2.0,4.0,45.5,0.0
2.5199999999999902,-1.0693087668109003,0.589925121309205,14.304547830447962,0.0,0.0,0.0,-2.0,4.0,45.5,0.0
2.52999999999999,-1.069565504365674,0.5959540409169505,14.357839953554853,0.0,0.0,0.0,-2.0,4.0,45.5,0.0
2.53999999999999,-1.0691310781087955,0.6017754734713695,14.407573929811436,0.0,0.0,0.0,-2.0,4.0,45.5,0.0
2.5499999999999896,-1.069189452166805,0.6078492989551805,14.460076277695968,0.0,0.0,0.0,-2.0,4.0,45.5,0.0
2.5599999999999894,-1.0700707608224547,0.6141424423176158,14.515572398485117,0.0,0.0,0.0,-2.0,4.0,45.5,0.0
2.569999999999989,-1.0717067748614135,0.6206570324842291,14.573888271570304,0.0,0.0,0.0,-2.0,4.0,45.5,0.0
2.579999999999989,-1.072624909950814,0.6269437355618898,14.628462792976082,0.0,0.0,0.0,-2.0,4.0,45.5,0.0
2.5899999999999888,-1.0741169311986614,0.6334904691550263,14.68571925756088,0.0,0.0,0.0,-2.0,4.0,45.5,0.0
2.5999999999999885,-1.0749317535768619,0.6398023498817266,14.73932241365408,0.0,0.0,0.0,-2.0,4.0,45.5,0.0
2.6099999999999883,-1.0751172275218839,0.6458874445267099,14.789459317349765,0.0,0.0,0.0,-2.0,4.0,45.5,0.0
2.619999999999988,-1.075851761729878,0.652271970239349,14.842425115314148,0.0,0.0,0.0,-2.0,4.0,45.5,0.0
2.629999999999988,-1.0760307182736453,0.6584128002440791,14.892035912537692,0.0,0.0,0.0,-2.0,4.0,45.5,0.0
2.6399999999999877,-1.0768761040158696,0.6648445841604997,14.944639261608769,0.0,0.0,0.0,-2.0,4.0,45.5,0.0
2.6499999999999875,-1.0792579278622552,0.6713680468368168,15.000489457650817,0.0,0.0,0.0,-2.0,4.0,45.5,0.0
2.6599999999999873,-1.0829825610537906,0.6779945197906067,15.059555472799818,0.0,0.0,0.0,-2.0,4.0,45.5,0.0
2.669999999999987,-1.0878937155617185,0.6847324698793685,15.121623356064314,0.0,0.0,0.0,-2.0,4.0,45.5,0.0
2.679999999999987,-1.0938444398972111,0.6915918891547983,15.186487399440217,0.0,0.0,0.0,-2.0,4.0,45.5,0.0
2.6899999999999866,-1.0987873063723972,0.6984013245034729,15.250746900560904,0.0,0.0,0.0,-2.0,4.0,45.5,0.0
2.6999999999999864,-1.1046764477194528,0.7053538689617223,15.317625629838876,0.0,0.0,0.0,-2.0,4.0,45.5,0.0
2.709999999999986,-1.1093822632722827,0.7120984227788644,15.380242958880014,0.0,0.0,0.0,-2.0,4.0,45.5,0.0
2.719999999999986,-1.1144856077564502,0.7190408035363917,15.445144532471708,0.0,0.0,0.0,-2.0,4.0,45.5,0.0
2.7299999999999858,-1.1195398907073073,0.7260819724287002,15.5125684392237,0.0,0.0,0.0,-2.0,4.0,45.5,0.0
2.7399999999999856,-1.1253596787105282,0.7333053513990092,15.582311692756452,0.0,0.0,0.0,-2.0,4.0,45.5,0.0
2.7499999999999853,-1.1299367979809698,0.740322305809634,15.647573015386158,0.0,0.0,0.0,-2.0,4.0,45.5,0.0
2.759999999999985,-1.1333661721354176,0.747130211642907,15.708578210123903,0.0,0.0,0.0,-2.0,4.0,45.5,0.0
2.769999999999985,-1.136952031647538,0.7541974233614308,15.771619867652504,0.0,0.0,0.0,-2.0,4.0,45.5,0.0
2.7799999999999847,-1.1395735664838438,0.7610322843136215,15.830592872882969,0.0,0.0,0.0,-2.0,4.0,45.5,0.0
2.7899999999999845,-1.1413022823651409,0.767639438393845,15.88570328240184,0.0,0.0,0.0,-2.0,4.0,45.5,0.0
2.7999999999999843,-1.1422076601792601,0.7740248709220932,15.937148989780393,0.0,0.0,0.0,-2.0,4.0,45.5,0.0
2.809999999999984,-1.1423072665871774,0.7805147860565581,15.989379116906443,0.0,0.0,0.0,-2.0,4.0,45.5,0.0
2.819999999999984,-1.142089415412873,0.7870405355339396,16.042755705046616,0.0,0.0,0.0,-2.0,4.0,45.5,0.0
2.8299999999999836,-1.1428590066658848,0.7937954481629503,16.099103274967813,0.0,0.0,0.0,-2.0,4.0,45.5,0.0
2.8399999999999834,-1.1429516992197022,0.8003057790256851,16.15181428637217,0.0,0.0,0.0,-2.0,4.0,45.5,0.0
2.849999999999983,-1.1438317110889336,0.807091350486485,16.20733829473943,0.0,0.0,0.0,-2.0,4.0,45.5,0.0
2.859999999999983,-1.1455886492745124,0.8141123345174238,16.265669482555165,0.0,0.0,0.0,-2.0,4.0,45.5,0.0
2.869999999999983,-1.1481546087377699,0.8213716174336255,16.3266395748181,0.0,0.0,0.0,-2.0,4.0,45.5,0.0
2.8799999999999826,-1.1514534095865634,0.8288715155160432,16.390077903773726,0.0,0.0,0.0,-2.0,4.0,45.5,0.0
2.8899999999999824,-1.1538770382203039,0.8361090862592181,16.449474001215272,0.0,0.0,0.0,-2.0,4.0,45.5,0.0
2.899999999999982,-1.1523947443267624,0.8432809028272322,16.511722423885676,0.0,0.0,0.0,-2.0,4.0,45.5,0.0
2.909999999999982,-1.1461540334502052,0.8501551242624601,16.577491338041902,0.0,0.0,0.0,-2.0,4.0,45.5,0.0
2.9199999999999817,-1.1505186137279133,0.8574728530575523,16.637753500255346,0.0,0.0,0.0,-2.0,4.0,45.5,0.0
2.9299999999999815,-1.1555349335488516,0.8649508392974673,16.700476213687548,0.0,0.0,0.0,-2.0,4.0,45.5,0.0
2.9399999999999813,-1.1595589614169435,0.8721693321695432,16.7591884140746,0.0,0.0,0.0,-2.0,4.0,45.5,0.0
2.949999999999981,-1.164436236839232,0.8795264989214336,16.82053274436639,0.0,0.0,0.0,-2.0,4.0,45.5,0.0
2.959999999999981,-1.1704539188728416,0.8869850305437729,16.884613417147285,0.0,0.0,0.0,-2.0,4.0,45.5,0.0
2.9699999999999807,-1.1775021128334389,0.8945549712320575,16.951248303039154,0.0,0.0,0.0,-2.0,4.0,45.5,0.0
2.9799999999999804,-1.1854638552013277,0.902248423439937,17.020257220552196,0.0,0.0,0.0,-2.0,4.0,45.5,0.0
2.9899999999999802,-1.194224001660014,0.910078192590291,17.091465768641747,0.0,0.0,0.0,-2.0,4.0,45.5,0.0
2.99999999999998,-1.2036734463388294,0.9180569656830888,17.16470706415485,0.0,0.0,0.0,-2.0,4.0,45.5,0.0
3.00999999999998,-1.2137111979181179,0.9261967649228005,17.239822568685998,0.0,0.0,0.0,-2.0,4.0,45.5,0.0
3.0199999999999796,-1.224245329902518,0.9345085759086705,17.316662465631357,0.0,0.0,0.0,-2.0,4.0,45.5,0.0
3.0299999999999794,-1.235193295068071,0.9430020994635164,17.395085787304513,0.0,0.0,0.0,-2.0,4.0,45.5,0.0
3.039999999999979,-1.246481860702561,0.9516855967691368,17.474960387675296,0.0,0.0,0.0,-2.0,4.0,45.5,0.0
3.049999999999979,-1.2560496730010846,0.960142671769706,17.549634065803073,0.0,0.0,0.0,-2.0,4.0,45.5,0.0
3.0599999999999787,-1.2655890212097238,0.9688689862574476,17.62553108537775,0.0,0.0,0.0,-2.0,4.0,45.5,0.0
3.0699999999999785,-1.2736299747199606,0.977327430184052,17.696493759573116,0.0,0.0,0.0,-2.0,4.0,45.5,0.0
3.0799999999999783,-1.2802878056993865,0.9855143310891284,17.762778013197302,0.0,0.0,0.0,-2.0,4.0,45.5,0.0
3.089999999999978,-1.2870598776496465,0.99402964641202,17.830609668424902,0.0,0.0,0.0,-2.0,4.0,45.5,0.0
3.099999999999978,-1.2930535709666213,1.0027809037480795,17.89940671365287,0.0,0.0,0.0,-2.0,4.0,45.5,0.0
3.1099999999999777,-1.2976657777404106,1.0115278167464155,17.970200671791478,0.0,0.0,0.0,-2.0,4.0,45.5,0.0
3.1199999999999775,-1.3059687657938286,1.0203601716138502,18.043028273425545,0.0,0.0,0.0,-2.0,4.0,45.5,0.0
3.1299999999999772,-1.3129000302317384,1.0288780274903395,18.111141610483635,0.0,0.0,0.0,-2.0,4.0,45.5,0.0
3.139999999999977,-1.3185647280601263,1.0370894371861121,18.174782348889817,0.0,0.0,0.0,-2.0,4.0,45.5,0.0
3.149999999999977,-1.3246656475369183,1.0453757598155344,18.240368954579093,0.0,0.0,0.0,-2.0,4.0,45.5,0.0
3.1599999999999766,-1.3319416372283923,1.053654415082964,18.308313641114033,0.0,0.0,0.0,-2.0,4.0,45.5,0.0
3.1699999999999764,-1.3383275795833323,1.0620008358196869,18.376095548212216,0.0,0.0,0.0,-2.0,4.0,45.5,0.0
3.179999999999976,-1.3435266304960822,1.070061851193128,18.4394268293533,0.0,0.0,0.0,-2.0,4.0,45.5,0.0
3.189999999999976,-1.349583013731324,1.0781754538630808,18.504950748452707,0.0,0.0,0.0,-2.0,4.0,45.5,0.0
3.1999999999999758,-1.3545050301148702,1.0860159653268637,18.566150247358834,0.0,0.0,0.0,-2.0,4.0,45.5,0.0
3.2099999999999755,-1.3603252243174053,1.0939193674541898,18.629652422221728,0.0,0.0,0.0,-2.0,4.0,45.5,0.0
3.2199999999999753,-1.3672686329682469,1.1018687841314896,18.69555116223829,0.0,0.0,0.0,-2.0,4.0,45.5,0.0
3.229999999999975,-1.3747935877498827,1.1097866323646288,18.76210393052391,0.0,0.0,0.0,-2.0,4.0,45.5,0.0
3.239999999999975,-1.3810885526058634,1.1174621048263687,18.82426638237552,0.0,0.0,0.0,-2.0,4.0,45.5,0.0
3.2499999999999747,-1.3881422874010902,1.1252357634744614,18.888603829735793,0.0,0.0,0.0,-2.0,4.0,45.5,0.0
3.2599999999999745,-1.3961960728473977,1.1330850429579755,18.95524066544121,0.0,0.0,0.0,-2.0,4.0,45.5,0.0
3.2699999999999743,-1.4030068958359492,1.140700493030462,19.017495501775848,0.0,0.0,0.0,-2.0,4.0,45.5,0.0
3.279999999999974,-1.4086695443421249,1.1480825472968468,19.075603604184423,0.0,0.0,0.0,-2.0,4.0,45.5,0.0
3.289999999999974,-1.4144446238729567,1.1557159520609734,19.13592110082078,0.0,0.0,0.0,-2.0,4.0,45.5,0.0
3.2999999999999736,-1.4212672513854918,1.1634437798996202,19.198733663171517,0.0,0.0,0.0,-2.0,4.0,45.5,0.0
3.3099999999999734,-1.4290513944909151,1.1712730905354096,19.263885871153562,0.0,0.0,0.0,-2.0,4.0,45.5,0.0
3.319999999999973,-1.4369183327202155,1.1793911407480817,19.331236693292347,0.0,0.0,0.0,-2.0,4.0,45.5,0.0
3.329999999999973,-1.4456089067684692,1.1876265929263574,19.400628657787664,0.0,0.0,0.0,-2.0,4.0,45.5,0.0
3.3399999999999728,-1.4530362824394225,1.1956163260451909,19.465530865774006,0.0,0.0,0.0,-2.0,4.0,45.5,0.0
3.3499999999999726,-1.46104764084951,1.203792996029503,19.532327151509737,0.0,0.0,0.0,-2.0,4.0,45.5,0.0
3.3599999999999723,-1.466778536827154,1.2118068688185073,19.601398659106255,0.0,0.0,0.0,-2.0,4.0,45.5,0.0
3.369999999999972,-1.4717762613939707,1.2195985950308124,19.666085059517503,0.0,0.0,0.0,-2.0,4.0,45.5,0.0
3.379999999999972,-1.480878138772979,1.2275931913847669,19.73263797246123,0.0,0.0,0.0,-2.0,4.0,45.5,0.0
3.3899999999999717,-1.4930045527640234,1.23520186202786,19.80275706659377,-0.0842492656161233,2.1923268163082098e-07,0.09257032134385773,-2.0,4.0,45.5,0.0
3.3999999999999715,-1.506091928630306,1.2431528724554781,19.874035089911043,-0.17877000005636173,1.239240901880212e-05,0.20402372485350462,-2.0,4.0,45.5,0.0
3.4099999999999713,-1.5196728592978688,1.251214059413063,19.947859242622165,-0.2878281935940906,4.2652745567972605e-05,0.281004946883543,-2.0,4.0,45.5,0.0
3.419999999999971,-1.5328429310743783,1.2595040191938678,20.022884897641372,-0.3202930376099381,7.260090611788117e-05,0.3403955554725362,-2.0,4.0,45.5,0.0
3.429999999999971,-1.5437354726265566,1.2676941769025154,20.09268849168959,-0.3549252622049775,9.131859354505334e-05,0.3860083977669948,-2.0,4.0,45.5,0.0
3.4399999999999706,-1.5526219715438945,1.2757501148717902,20.157563260287233,-0.3876023007497425,0.00010953727490283782,0.42915124705718116,-2.0,4.0,45.5,0.0
3.4499999999999704,-1.5613595084671317,1.2840103653248556,20.22381560279195,-0.41925621902142407,0.0001637306392109017,0.48575570826042896,-2.0,4.0,45.5,0.0
3.45999999999997,-1.5697350785068072,1.292506280826401,20.291156314623766,-0.4500780891974364,0.00023697150335653117,0.5447814628234073,-2.0,4.0,45.5,0.0
3.46999999999997,-1.5773697707501748,1.301331699656047,20.359174857175333,-0.4808490786266691,0.0003606485247989344,0.6141950323957831,-2.0,4.0,45.5,0.0
3.47999999999997,-1.5843182557626487,1.3104614452393033,20.427781232877923,-0.5103597175863669,0.0005166915090542457,0.6842872899006949,-2.0,4.0,45.5,0.0
3.4899999999999696,-1.590876626475311,1.319822624685592,20.49698845821329,-0.5374969404090402,0.0006745372176955478,0.7475313443771074,-2.0,4.0,45.5,0.0
3.4999999999999694,-1.5959357950056392,1.3289676158258525,20.561000835864846,-0.5608736936699468,0.0007598305531212324,0.7919845159424138,-2.0,4.0,45.5,0.0
3.509999999999969,-1.6005590572254689,1.3383623115823187,20.625652061274124,-0.5864089196807003,0.0010092170919651978,0.8646579298725374,-2.0,4.0,45.5,0.0
3.519999999999969,-1.60508542938107,1.3479039615918191,20.691025350846544,-0.609065855488923,0.0012208908152388954,0.9259375872984048,-2.0,4.0,45.5,0.0
3.5299999999999687,-1.6093036394284737,1.357634829817147,20.75697258642426,-0.6313901127501304,0.0015222784537732737,0.9971252788794022,-2.0,4.0,45.5,0.0
3.5399999999999685,-1.6125325591820394,1.3670460653652696,20.818106809423924,-0.649719852389985,0.0016580241119880767,1.0414227405402305,-2.0,4.0,45.5,0.0
3.5499999999999683,-1.614958491171011,1.3761146233057415,20.87485758995795,-0.6669759780875429,0.0017813958893537097,1.0830828201964178,-2.0,4.0,45.5,0.0
3.559999999999968,-1.6176145695791808,1.3852614812488944,20.932809564198806,-0.6849975277643345,0.0020598402935409375,1.1435056546799653,-2.0,4.0,45.5,0.0
3.569999999999968,-1.619655399600945,1.3940388713250278,20.986753553470823,-0.7003536821075259,0.002180619294901831,1.1825275383372906,-2.0,4.0,45.5,0.0
3.5799999999999677,-1.6222532274071533,1.4026650486851993,21.044286352910415,-0.7179569405923807,0.0026086189599081266,1.2585916191243913,-2.0,4.0,45.5,0.0
3.5899999999999674,-1.625917685246569,1.4111017884561088,21.10533863490694,-0.7345486818496407,0.002979948387862863,1.32647288641148,-2.0,4.0,45.5,0.0
3.5999999999999672,-1.629958940177003,1.4199456253718525,21.170466253923614,-0.7522001384807907,0.003456120214669578,1.4043176432132198,-2.0,4.0,45.5,0.0
3.609999999999967,-1.6362445836390063,1.4285008066438565,21.239284239469917,-0.7708538193453551,0.003977102612640027,1.484433864950757,-2.0,4.0,45.5,0.0
3.619999999999967,-1.6449217858563943,1.436783371081832,21.311297201404713,-0.7907681293004238,0.004548035971323805,1.5666603368472791,-2.0,4.0,45.5,0.0
3.6299999999999666,-1.650469121944275,1.4452068976884933,21.37638993490516,-0.8058598275758021,0.0048148762887333385,1.6176086710649102,-2.0,4.0,45.5,0.0
3.6399999999999664,-1.6551141164463457,1.4538995755983062,21.44070344939793,-0.8186359667141969,0.0050468001997706294,1.6637769886567058,-2.0,4.0,45.5,0.0
3.649999999999966,-1.6583817528680944,1.4624276324955383,21.499729505825577,-0.8297662404426032,0.005254165274945588,1.7060711459050435,-2.0,4.0,45.5,0.0
3.659999999999966,-1.66219002445732,1.4709477722172153,21.5602329571494,-0.8410311598237733,0.005693880885986091,1.7670398411849564,-2.0,4.0,45.5,0.0
3.6699999999999657,-1.6649913032719275,1.4792415787489344,21.61601632668864,-0.8504143318757403,0.005892066609723601,1.805844048872363,-2.0,4.0,45.5,0.0
3.6799999999999655,-1.6683264377247629,1.4875316531276626,21.673621813832405,-0.8604305691117256,0.006540025187990095,1.8800602137438858,-2.0,4.0,45.5,0.0
3.6899999999999653,-1.670838976394114,1.4955759372071722,21.726858310506,-0.8684690748405698,0.006748524411326551,1.9172076941634895,-2.0,4.0,45.5,0.0
3.699999999999965,-1.6737733711373495,1.5036436373388196,21.78158714306827,-0.8765029727419584,0.007273191922511224,1.9774433224524377,-2.0,4.0,45.5,0.0
3.709999999999965,-1.6771036644893018,1.5117204897926177,21.83765799598844,-0.8838237484723095,0.007747903027737202,2.0321350650336045,-2.0,4.0,45.5,0.0
3.7199999999999647,-1.6798940036331023,1.5194980507845826,21.889864543152317,-0.8900926328308744,0.007962648336391487,2.0659473066780376,-2.0,4.0,45.5,0.0
3.7299999999999645,-1.6830727812488488,1.5272951570981925,21.943656105958304,-0.8963898655787179,0.008588998560973027,2.1279922987982003,-2.0,4.0,45.5,0.0
3.7399999999999642,-1.6866633761265244,1.5350912941729946,21.99894102437792,-0.9021314668484507,0.009161980098401079,2.1845398369131654,-2.0,4.0,45.5,0.0
3.749999999999964,-1.6905052646473335,1.542914135009752,22.05566901717525,-0.9075935051254966,0.00994481667380811,2.2534956446449206,-2.0,4.0,45.5,0.0
3.759999999999964,-1.6945631503467322,1.5507433297040567,22.113627583072123,-0.9125972679183268,0.010764650997154634,2.3225736488013498,-2.0,4.0,45.5,0.0
3.7699999999999636,-1.6982857701581209,1.5582384689514475,22.168055357909985,-0.9168523195471426,0.01106551981244428,2.356523883021946,-2.0,4.0,45.5,0.0
3.7799999999999634,-1.7017515135130847,1.5653915916173993,22.21933039081185,-0.9208278144243556,0.01135163737666749,2.3884994316976726,-2.0,4.0,45.5,0.0
3.789999999999963,-1.7054747282263258,1.5725217955438189,22.272493973149945,-0.9248468611804288,0.012306068502742917,2.4602977832547226,-2.0,4.0,45.5,0.0
3.799999999999963,-1.708992661987677,1.579312943913983,22.322751875208287,-0.9283391083296607,0.012608050148039918,2.491671629223963,-2.0,4.0,45.5,0.0
3.8099999999999627,-1.7125845407999538,1.5856487409971136,22.369832024049327,-0.9316494241126524,0.01289640594082655,2.5214109166719356,-2.0,4.0,45.5,0.0
3.8199999999999625,-1.7164805770008957,1.5921150722473387,22.419867909247152,-0.9436696430383534,0.013832265695024515,2.6040477386334455,-2.0,4.0,45.5,0.0
3.8299999999999623,-1.7208285968309414,1.5985573703893594,22.47204773446156,-0.9455943252569812,0.01468295385436642,2.6622332805166535,-2.0,4.0,45.5,0.0
3.839999999999962,-1.7255707152869253,1.6049682240848655,22.52629434916316,-0.947480159360515,0.01558526250572736,2.7224499814323138,-2.0,4.0,45.5,0.0
3.849999999999962,-1.7308054549812724,1.6113119907817282,22.582534414822515,-0.9494843127576909,0.016342129569888876,2.7742946823545402,-2.0,4.0,45.5,0.0
3.8599999999999617,-1.7357910689747944,1.617347209247593,22.635933717082494,-0.951728678726964,0.016679076899343014,2.8036600371135685,-2.0,4.0,45.5,0.0
3.8699999999999615,-1.7412550869286036,1.6233326458642774,22.691397374006037,-0.9535759803126511,0.01749658971949275,2.8569202642508182,-2.0,4.0,45.5,0.0
3.8799999999999613,-1.7471455313658506,1.62926597927515,22.748834653195143,-0.9553496970463892,0.018363792594327376,2.9120018038444764,-2.0,4.0,45.5,0.0
3.889999999999961,-1.752758256416243,1.634911175816852,22.80341904675495,-0.9572964017222612,0.01871506172306474,2.940857575461682,-2.0,4.0,45.5,0.0
3.899999999999961,-1.758614581351584,1.6405645564857463,22.860028234899318,-0.958821954074747,0.019922439706950866,3.0107242265353564,-2.0,4.0,45.5,0.0
3.9099999999999606,-1.7641960192082438,1.645943310721639,22.91384586954778,-0.960588895818082,0.02029120488147825,3.039598670825847,-2.0,4.0,45.5,0.0
3.9199999999999604,-1.7700701477447833,1.6513003312292467,22.969850641115766,-0.9702159289735673,0.021778260690568742,3.139055545812127,-2.0,4.0,45.5,0.0
3.92999999999996,-1.7759512060776363,1.6567386301722227,23.02779447243841,-0.9703919968823493,0.02302565460302989,3.2055911036420843,-2.0,4.0,45.5,0.0
3.93999999999996,-1.7820413281130374,1.6621644550870025,23.087629951139004,-0.9706849531542833,0.024309969137641562,3.273238341954998,-2.0,4.0,45.5,0.0
3.9499999999999598,-1.787848548799231,1.6673252820895101,23.144532761311186,-0.97183287030452,0.024737786641243265,3.303067294488842,-2.0,4.0,45.5,0.0
3.9599999999999596,-1.7940537062244348,1.672389369093678,23.203206746634976,-0.9724783639683192,0.025729771999290153,3.356589041705953,-2.0,4.0,45.5,0.0
3.9699999999999593,-1.799190974890485,1.6786302791071932,23.263383287084487,-0.9728935675448313,0.02713210626588819,3.4262380107630586,-2.0,4.0,45.5,0.0
3.979999999999959,-1.8046940082380911,1.684745362816902,23.32540283295574,-0.9734991271143318,0.02830658308794757,3.4858569235751076,-2.0,4.0,45.5,0.0
3.989999999999959,-1.8103247031292806,1.6907336795039063,23.389224142440714,-0.9739743091383692,0.029771054163326927,3.556925539466578,-2.0,4.0,45.5,0.0
3.9999999999999587,-1.8157006100063824,1.696431339127347,23.449911252785867,-0.9748950956866214,0.03029023392350405,3.5889165426464964,-2.0,4.0,45.5,0.0
4.009999999999959,-1.8209678186721912,1.701682525516169,23.507709232838078,-0.9757706878650954,0.030784922102699418,3.6193538140920687,-2.0,4.0,45.5,0.0
4.019999999999959,-1.8265686902198839,1.7069884797090527,23.56744074150534,-0.9803920852808898,0.03228071426195143,3.701337538089143,-2.0,4.0,45.5,0.0
4.0299999999999585,-1.8324499186787144,1.7121304573264315,23.629050003346137,-0.9804699801946107,0.033537709300130114,3.7599286157786613,-2.0,4.0,45.5,0.0
4.039999999999958,-1.8390541603876476,1.7170161892377165,23.692402607737613,-0.9810396400641807,0.03399928341944001,3.788638381040948,-2.0,4.0,45.5,0.0
4.049999999999958,-1.8453511045898499,1.7216626006515323,23.752687135525022,-0.9815812402616952,0.03443903689828963,3.815959085946549,-2.0,4.0,45.5,0.0
4.059999999999958,-1.8520471591030667,1.7261792902339,23.81484220073463,-0.9854451031542611,0.03602004779056983,3.897735734654063,-2.0,4.0,45.5,0.0
4.069999999999958,-1.85842948431234,1.7304747739460298,23.87399184057209,-0.9857625574899371,0.036425419996551724,3.9227560526648424,-2.0,4.0,45.5,0.0
4.079999999999957,-1.86521328821235,1.7346400627891192,23.935057206053187,-0.9890888257659745,0.03800506035365499,4.001474342939102,-2.0,4.0,45.5,0.0
4.089999999999957,-1.8721249908754414,1.7387317565335956,23.997931211377452,-0.9883085812759509,0.0395843157724993,4.0668124617435195,-2.0,4.0,45.5,0.0
4.099999999999957,-1.8787117230029171,1.7426229710149657,24.057772039361407,-0.9884514684861054,0.039992675168253985,4.091368107639632,-2.0,4.0,45.5,0.0
4.109999999999957,-1.8850676894380165,1.7461949915092803,24.114999751078354,-0.9885870059413483,0.04038169181627003,4.114740734803673,-2.0,4.0,45.5,0.0
4.119999999999957,-1.8915028674797965,1.7498494649598542,24.17397308532078,-0.9926232006788434,0.04280935154980622,4.225401293511281,-2.0,4.0,45.5,0.0
4.129999999999956,-1.8976843214635022,1.753160407810947,24.230706131655246,-0.9925374723126439,0.043179124378514865,4.247156784919725,-2.0,4.0,45.5,0.0
4.139999999999956,-1.9043517947879036,1.7564280764202949,24.288861165997634,-0.9936017352852445,0.044233882169803576,4.297448032076256,-2.0,4.0,45.5,0.0
4.149999999999956,-1.9110341275341363,1.7595493735178407,24.34899044789145,-0.9965958929728892,0.04674817832085319,4.40569027340389,-2.0,4.0,45.5,0.0
4.159999999999956,-1.9174001726842909,1.7625173685080182,24.406233215866184,-0.9962731456182577,0.04706207194409549,4.425077284878633,-2.0,4.0,45.5,0.0
4.1699999999999555,-1.9235051885843022,1.7652045983817946,24.461299558429666,-0.9959654398223667,0.04736107347768169,4.443532299748307,-2.0,4.0,45.5,0.0
4.179999999999955,-1.9297198205684751,1.7679771756736529,24.51790379210955,-0.9981365583805379,0.049957657806024326,4.550034173502414,-2.0,4.0,45.5,0.0
4.189999999999955,-1.935656482395135,1.7704703546796003,24.572537073361335,-0.9977147864543907,0.050236767907857215,4.567292931190653,-2.0,4.0,45.5,0.0
4.199999999999955,-1.9420514711694683,1.7729662106530637,24.628353940914902,-0.9983697616659581,0.05176134859872848,4.630772214642574,-2.0,4.0,45.5,0.0
4.209999999999955,-1.9486687724917597,1.7753022329170238,24.686249151507052,-0.9992431271686634,0.05388307298170941,4.715336736310732,-2.0,4.0,45.5,0.0
4.2199999999999545,-1.9549721471280381,1.777523332121679,24.741375189081396,-0.9987284878593288,0.05410861141983586,4.730493009754835,-2.0,4.0,45.5,0.0
4.229999999999954,-1.9614012632341224,1.7796769233414915,24.79861140819449,-0.9995210140974911,0.056821667284164136,4.833968484011556,-2.0,4.0,45.5,0.0
4.239999999999954,-1.967974168911234,1.7816569306301162,24.857864176189764,-0.9979938342893604,0.05817330638325831,4.883054039294071,-2.0,4.0,45.5,0.0
4.249999999999954,-1.9742348033438675,1.783539264589273,24.914286516382216,-0.9974810994231351,0.05840730356286582,4.898892423320278,-2.0,4.0,45.5,0.0
4.259999999999954,-1.9804666147141625,1.785233030329217,24.972778775346114,-0.997774878344516,0.061194969094120436,5.003155008666573,-2.0,4.0,45.5,0.0
4.269999999999953,-1.9874366484479733,1.7866267956396866,25.033218076402516,-0.9972249027030802,0.0613770677901595,5.018100060900359,-2.0,4.0,45.5,0.0
4.279999999999953,-1.9946564506741946,1.7878273444300772,25.09552513987579,-0.9970370880485104,0.06334658343859445,5.093739074570203,-2.0,4.0,45.5,0.0
4.289999999999953,-2.0015328993131023,1.7889676970972974,25.154858147458892,-0.996497277377232,0.06349667949244431,5.107515564519962,-2.0,4.0,45.5,0.0
4.299999999999953,-2.0081106903359136,1.7899838326939663,25.211659669363875,-0.9959831599956912,0.06363966839456212,5.120634693804523,-2.0,4.0,45.5,0.0
4.3099999999999525,-2.01437538031622,1.790973521462878,25.265599554374287,-0.9954935120447488,0.06377587849564526,5.1331279473025955,-2.0,4.0,45.5,0.0
4.319999999999952,-2.0211863503009564,1.791670647334999,25.321497663333382,-0.9950786865254608,0.06455336427065016,5.167426440137805,-2.0,4.0,45.5,0.0
4.329999999999952,-2.027669907149172,1.7923424276146689,25.374674620616794,-0.9946157182205633,0.06465165500933387,5.178592165546629,-2.0,4.0,45.5,0.0
4.339999999999952,-2.033841365852688,1.7929867517168627,25.425287263318936,-0.9941747903983231,0.06474529101121404,5.189225414263314,-2.0,4.0,45.5,0.0
4.349999999999952,-2.0403626785736115,1.793423197126357,25.47822833061443,-0.9937296623448166,0.06557328251611197,5.224860766291988,-2.0,4.0,45.5,0.0
4.3599999999999515,-2.046571498332226,1.7938397525631176,25.528632392577173,-0.9933080453846044,0.06567764919720089,5.235946621942359,-2.0,4.0,45.5,0.0
4.369999999999951,-2.052708367632645,1.7940421200485375,25.581401389173152,-0.992824582176878,0.06664809741437591,5.276551263260072,-2.0,4.0,45.5,0.0
4.379999999999951,-2.0592654068877105,1.7940499801984633,25.63639841240633,-0.9923661234674459,0.06693309749902812,5.2946865943154835,-2.0,4.0,45.5,0.0
4.389999999999951,-2.065509377744645,1.7940567151542302,25.688768215077225,-0.9919450489551194,0.06713399617940838,5.30964028296629,-2.0,4.0,45.5,0.0
4.399999999999951,-2.072299081946309,1.7938620907140075,25.74338241322708,-0.9915086683712706,0.06747068422537916,5.329324759280203,-2.0,4.0,45.5,0.0
4.40999999999995,-2.079149339840883,1.7935862264546294,25.800148535296707,-0.9910280933381035,0.068082029620975,5.358170756161663,-2.0,4.0,45.5,0.0
4.41999999999995,-2.086036594820306,1.793040474219743,25.858979692153316,-0.9905428404606604,0.06868586606818149,5.387404363944478,-2.0,4.0,45.5,0.0
4.42999999999995,-2.0925950726500244,1.7925190878632553,25.91500359325603,-0.9901264072904452,0.06904535894928984,5.408305423770658,-2.0,4.0,45.5,0.0
4.43999999999995,-2.098840595522383,1.7920218833230044,25.96835452503997,-0.9897298000727854,0.06938774219953543,5.428210918958987,-2.0,4.0,45.5,0.0
4.4499999999999496,-2.1053319507382584,1.7912800462685992,26.023924111168558,-0.9892488373051778,0.07012512721162387,5.461239539687457,-2.0,4.0,45.5,0.0
4.459999999999949,-2.1115138808948744,1.7905719556869613,26.076842892479114,-0.9888646576439915,0.07048201087759767,5.481716180520748,-2.0,4.0,45.5,0.0
4.469999999999949,-2.118128637426469,1.7895840765716047,26.1317965662332,-0.9884264942643783,0.07109812894051032,5.510724378608641,-2.0,4.0,45.5,0.0
4.479999999999949,-2.126351721797129,1.7881228673845966,26.189039074666173,-0.9883684068027903,0.06871511489098969,5.442687906728574,-2.0,4.0,45.5,0.0
4.489999999999949,-2.1347320354954884,1.7863622532462053,26.24832033682829,-0.9879289941887839,0.06960769094305784,5.481909253945373,-2.0,4.0,45.5,0.0
4.4999999999999485,-2.1434110953574423,1.7843418162426965,26.309335210846857,-0.987506898047174,0.07037018357237021,5.517171865830293,-2.0,4.0,45.5,0.0
4.509999999999948,-2.1516768991301514,1.782415734237923,26.367438091266898,-0.9871712634684995,0.07067698191682846,5.537323262459164,-2.0,4.0,45.5,0.0
4.519999999999948,-2.15937555265802,1.7810148223923512,26.423592962152476,-0.9868089380242084,0.0712426858335493,5.564917484005571,-2.0,4.0,45.5,0.0
4.529999999999948,-2.167501183202924,1.7793274570269746,26.48182438626503,-0.9864194067792234,0.07198045110310058,5.598397972973659,-2.0,4.0,45.5,0.0
4.539999999999948,-2.1770269442823746,1.7769337552318527,26.542209809210384,-0.9865643361723677,0.06948219679050684,5.528669239383707,-2.0,4.0,45.5,0.0
4.549999999999947,-2.187059627446455,1.7742782837010003,26.604262708160643,-0.9862179910451143,0.07003510911221822,5.557306746991744,-2.0,4.0,45.5,0.0
4.559999999999947,-2.1974457673178813,1.7713286066435834,26.668111143640736,-0.9858588241208803,0.07068115935002738,5.589312337769348,-2.0,4.0,45.5,0.0
4.569999999999947,-2.207337626407059,1.7685173115639399,26.728910919826586,-0.9855819171323761,0.07090310849500356,5.60730360365513,-2.0,4.0,45.5,0.0
4.579999999999947,-2.2171156255374784,1.76561120704638,26.791577342253014,-0.985097255387698,0.07242138065093637,5.6666891763984415,-2.0,4.0,45.5,0.0
4.589999999999947,-2.226787207870966,1.7626119284728496,26.856021640206116,-0.9846121851729253,0.07396803568635321,5.727128107245943,-2.0,4.0,45.5,0.0
4.599999999999946,-2.2360869888979433,1.7592533482465547,26.92219212882621,-0.9840967813492556,0.07552001520747217,5.788697577694686,-2.0,4.0,45.5,0.0
4.609999999999946,-2.245717060881052,1.75558759497405,26.989966889666352,-0.9836980920498979,0.07634228435260446,5.827635039153084,-2.0,4.0,45.5,0.0
4.619999999999946,-2.255226595892463,1.7518274556549749,27.05927947195467,-0.9831843983715387,0.07791447615593937,5.890103396263274,-2.0,4.0,45.5,0.0
4.629999999999946,-2.264661988452075,1.7476838572395426,27.13007365483944,-0.9827064888284349,0.07912865902834147,5.942149439400685,-2.0,4.0,45.5,0.0
4.6399999999999455,-2.2736475536109504,1.7437351205270182,27.197487934013882,-0.9823721260490548,0.07950962200000644,5.967623771400406,-2.0,4.0,45.5,0.0
4.649999999999945,-2.2825332371554197,1.7396893960399358,27.266458783319678,-0.9818352173965916,0.08121024820288357,6.033918777708075,-2.0,4.0,45.5,0.0
4.659999999999945,-2.2913190809603172,1.7355430687221232,27.336912932965543,-0.9812954046963853,0.08294750070551202,6.101270942306719,-2.0,4.0,45.5,0.0
4.669999999999945,-2.300576128272307,1.730900435786907,27.408773019946743,-0.9809243349431993,0.08354999323875395,6.134503685354131,-2.0,4.0,45.5,0.0
4.679999999999945,-2.3093929597101317,1.726476103245583,27.47720210362789,-0.9805970184145453,0.08395528872934707,6.1610135624733315,-2.0,4.0,45.5,0.0
4.689999999999944,-2.318851098329799,1.7215558794337025,27.54712362323137,-0.9802798027469686,0.08429992821155795,6.186234258879821,-2.0,4.0,45.5,0.0
4.699999999999944,-2.3289549711874447,1.716292498303869,27.618455040184188,-0.9799820609708718,0.08461639673346345,6.210700981459466,-2.0,4.0,45.5,0.0
4.709999999999944,-2.3385803021970424,1.7112747204812373,27.6863799164119,-0.9796985608171047,0.0849177355006305,6.234002450537162,-2.0,4.0,45.5,0.0
4.719999999999944,-2.3480557455748996,1.7061646812992273,27.755838563369185,-0.978771257903017,0.08795041149105297,6.344821114277191,-2.0,4.0,45.5,0.0
4.729999999999944,-2.3578952456448503,1.7007535529509406,27.82674186120729,-0.9782346957597898,0.08934338637184644,6.40319097130102,-2.0,4.0,45.5,0.0
4.739999999999943,-2.368171731039135,1.694902058226218,27.899024480154146,-0.9779561827124212,0.08981101355485817,6.431944884510574,-2.0,4.0,45.5,0.0
4.749999999999943,-2.378256746530136,1.6889665063030044,27.97243600103385,-0.9775388772838793,0.09141109599695697,6.4941621606204905,-2.0,4.0,45.5,0.0
4.759999999999943,-2.3877959785007397,1.6825661397672018,28.04716621211347,-0.9770695648099341,0.09303549499217828,6.558546825913768,-2.0,4.0,45.5,0.0
4.769999999999943,-2.3962350510763026,1.6783627308027924,28.122545102065903,-0.9760384528625963,0.09613209900872458,6.670725717248553,-2.0,4.0,45.5,0.0
4.7799999999999425,-2.4048569714084733,1.6743035897263288,28.199069924848818,-0.9756310561232269,0.09784673695017253,6.734083365297235,-2.0,4.0,45.5,0.0
4.789999999999942,-2.4129264001403437,1.6708897458049832,28.272517903578468,-0.9753350625883748,0.09858109634057312,6.767864296997414,-2.0,4.0,45.5,0.0
4.799999999999942,-2.420523271917591,1.6668669564113927,28.34728769392402,-0.9742755987350717,0.10176742124155776,6.880995033232037,-2.0,4.0,45.5,0.0
4.809999999999942,-2.4276514178934003,1.6622352267379445,28.423319327670402,-0.9738106691754682,0.10348007182716575,6.945233067025336,-2.0,4.0,45.5,0.0
4.819999999999942,-2.434699335424389,1.657168642658076,28.500521422748367,-0.9733348405568105,0.10496003216700744,7.003695908172451,-2.0,4.0,45.5,0.0
4.8299999999999415,-2.4423747871960417,1.651610115675669,28.578799020695858,-0.972954611292498,0.10552108416033375,7.0365140915578195,-2.0,4.0,45.5,0.0
4.839999999999941,-2.450143192953591,1.6457504291779923,28.658121087992978,-0.9724914882018327,0.10688822367087791,7.092320886325659,-2.0,4.0,45.5,0.0
4.849999999999941,-2.4571924272664636,1.6405955451181,28.738136024810785,-0.97194168662522,0.10872167914140626,7.1611795345818665,-2.0,4.0,45.5,0.0
4.859999999999941,-2.463332983389777,1.6376893515770545,28.818335189631945,-0.9707299315956313,0.11208351785067712,7.278085837846355,-2.0,4.0,45.5,0.0
4.869999999999941,-2.469752923114154,1.6348468475647486,28.89925522593079,-0.9702566307708933,0.1140558403228926,7.346023724918891,-2.0,4.0,45.5,0.0
4.87999999999994,-2.475689290019446,1.6312448789169918,28.981153744826386,-0.9697080723152878,0.11604129902545597,7.416089552498571,-2.0,4.0,45.5,0.0
4.88999999999994,-2.483144693519687,1.6271483791038195,29.063649117002388,-0.9697653344671533,0.11516648600401196,7.403003893538077,-2.0,4.0,45.5,0.0
4.89999999999994,-2.490811121637137,1.6231420264140133,29.146953088068624,-0.9693303166820089,0.11625577538103649,7.4473676192084595,-2.0,4.0,45.5,0.0
4.90999999999994,-2.498216547973915,1.6184291502537835,29.231099124970786,-0.9689312993258694,0.11706623689298912,7.4849381433990185,-2.0,4.0,45.5,0.0
4.9199999999999395,-2.50584528032075,1.613400223486199,29.315968987087626,-0.9685405601652537,0.1178894276866238,7.523028480663089,-2.0,4.0,45.5,0.0
4.929999999999939,-2.513520372110511,1.6076959632126098,29.40158978623576,-0.968121387056641,0.11870965417619975,7.562238489421198,-2.0,4.0,45.5,0.0
4.939999999999939,-2.5213677038027624,1.602131193679789,29.487873589977575,-0.9676932496444524,0.1198488324364253,7.608927260497671,-2.0,4.0,45.5,0.0
4.949999999999939,-2.529384896791326,1.5967001435809103,29.57478840035834,-0.9672996046429727,0.12115587972323727,7.658834819191929,-2.0,4.0,45.5,0.0
4.959999999999939,-2.5375692892638515,1.5913950742750533,29.662303874954564,-0.9669458450267401,0.12261520506322254,7.711485019275875,-2.0,4.0,45.5,0.0
4.9699999999999385,-2.5457224996414998,1.5855021319506415,29.750441555284205,-0.9666058214912994,0.12392760508811033,7.761104884679367,-2.0,4.0,45.5,0.0
4.979999999999938,-2.5539704374838186,1.5789324320585802,29.83916024909375,-0.9662617754008587,0.12511807919707912,7.808644413075998,-2.0,4.0,45.5,0.0
4.989999999999938,-2.5614610303112895,1.5718540897100364,29.92844120101803,-0.9657700136098608,0.12659629876357842,7.865727334481356,-2.0,4.0,45.5,0.0
4.999999999999938,-2.5691096643173004,1.5649548431398712,30.01821222119922,-0.9653179809887096,0.12823199230827062,7.9255808167321735,-2.0,4.0,45.5,0.0
5.009999999999938,-2.5768348966822825,1.5576431941260678,30.108274547515308,-0.9649078902757233,0.12968314297661365,7.980758962973572,-2.0,4.0,45.5,0.0
5.019999999999937,-2.585298172200561,1.5496780997212898,30.198793915526746,-0.9646007572079265,0.1307291116706581,8.025638862067032,-2.0,4.0,45.5,0.0
5.029999999999937,-2.5939031709381957,1.5412180590368172,30.289777068683012,-0.9642313721755655,0.1320073101366392,8.077181326532017,-2.0,4.0,45.5,0.0
5.039999999999937,-2.602445727529008,1.5322809191432238,30.381214050357976,-0.9638239518991749,0.13338146358624936,8.13198557051353,-2.0,4.0,45.5,0.0
5.049999999999937,-2.6101366805221917,1.5226087988449706,30.47314850372939,-0.9632626860830786,0.1350195454428102,8.196123499688143,-2.0,4.0,45.5,0.0
5.0599999999999365,-2.617563023950551,1.5126754348921174,30.56549785814126,-0.962696498545194,0.13665759116075857,8.260662295217822,-2.0,4.0,45.5,0.0
5.069999999999936,-2.624688072493711,1.502455626973405,30.658232495424254,-0.9621081125469002,0.13832836456016956,8.326620419108405,-2.0,4.0,45.5,0.0
5.079999999999936,-2.631789694927661,1.4919902138875807,30.751279040810076,-0.9615547134855014,0.1398482642439873,8.38880918791007,-2.0,4.0,45.5,0.0
5.089999999999936,-2.6388314154236774,1.4812550578881947,30.844670573035067,-0.9609861623855007,0.14145222349819964,8.453378544577534,-2.0,4.0,45.5,0.0
5.099999999999936,-2.645813680844835,1.4703480876521873,30.938392041655696,-0.9604113116773825,0.14316077101471336,8.520549045748579,-2.0,4.0,45.5,0.0
5.1099999999999355,-2.6528806077318343,1.4595229719017517,31.032386033535474,-0.9598651776505982,0.14498325037031234,8.589683282122955,-2.0,4.0,45.5,0.0
5.119999999999935,-2.659866440173736,1.4485559164847057,31.126668509738042,-0.9593314977711618,0.14683356739079034,8.659333089439345,-2.0,4.0,45.5,0.0
5.129999999999935,-2.666943373412542,1.437884586133168,31.221206245220717,-0.9588173995329567,0.1489922376002073,8.735247483107498,-2.0,4.0,45.5,0.0
5.139999999999935,-2.6741118305922735,1.427495909870664,31.315987031633135,-0.9583643983240053,0.15128174242884063,8.812763099418396,-2.0,4.0,45.5,0.0
5.149999999999935,-2.6812409994223274,1.4170870912539375,31.410794546136888,-0.9579775515165654,0.1533450720138236,8.883869499664186,-2.0,4.0,45.5,0.0
5.159999999999934,-2.688459181606177,1.4069434824998959,31.505832250726268,-0.9575990741288132,0.15579371547145549,8.96312559846889,-2.0,4.0,45.5,0.0
5.169999999999934,-2.695766813750031,1.3970528976359764,31.601089210848706,-0.9572866733413807,0.1583628379027808,9.04370905503234,-2.0,4.0,45.5,0.0
5.179999999999934,-2.7029154788970886,1.386911356497511,31.69659056374289,-0.9570143292968911,0.16076146174264538,9.120024819184751,-2.0,4.0,45.5,0.0
5.189999999999934,-2.7101344552886366,1.3763372103453284,31.792313961396566,-0.9568027925116558,0.1628261739548939,9.18831313335453,-2.0,4.0,45.5,0.0
5.199999999999934,-2.7174336500043306,1.3653612130922168,31.888245431073912,-0.9565980030050909,0.16485560706306532,9.256011770802475,-2.0,4.0,45.5,0.0
5.209999999999933,-2.724782058944645,1.3548698971811246,31.984239561075796,-0.956367423391898,0.16752502440737427,9.337743922725625,-2.0,4.0,45.5,0.0
5.219999999999933,-2.732092978157918,1.3442112846436278,32.080425778441715,-0.9562027087021985,0.16996846264846605,9.413605396989947,-2.0,4.0,45.5,0.0
5.229999999999933,-2.739355570249382,1.3331786765987659,32.17680165321817,-0.9560665870033789,0.17222184610248623,9.485137642223732,-2.0,4.0,45.5,0.0
5.239999999999933,-2.7454531903000214,1.3213118271750683,32.2734607229359,-0.9557173765640437,0.17484323944657995,9.568749577635064,-2.0,4.0,45.5,0.0
5.2499999999999325,-2.7509438395861885,1.3094093632669557,32.370313245827305,-0.955328550817077,0.17716069043251936,9.646233030041593,-2.0,4.0,45.5,0.0
5.259999999999932,-2.7567278220150047,1.297378790285759,32.46729560626936,-0.9550332371529004,0.17911204745838782,9.714288771880451,-2.0,4.0,45.5,0.0
5.269999999999932,-2.7627454486242304,1.2850333430951635,32.564401025117064,-0.9547700365100287,0.18100090860463244,9.780694221538827,-2.0,4.0,45.5,0.0
5.279999999999932,-2.768933455950494,1.272707689317363,32.66142011657176,-0.9545090406770651,0.18328254454553594,9.855429091809038,-2.0,4.0,45.5,0.0
5.289999999999932,-2.7746632615766655,1.2602317085403998,32.75861929987203,-0.9541786987445295,0.18595589372823884,9.939975277737744,-2.0,4.0,45.5,0.0
5.299999999999931,-2.7806292873841723,1.247768039839267,32.85588610214731,-0.9539818898622465,0.18796699058553837,10.007895548683322,-2.0,4.0,45.5,0.0
5.309999999999931,-2.786760250012418,1.2354860225124424,32.95324814171176,-0.9537958827323703,0.1903408717752297,10.083414256113254,-2.0,4.0,45.5,0.0
5.319999999999931,-2.7927246808321735,1.2232586683806363,33.050735940041356,-0.9536059409127251,0.1926945992246613,10.158428404366687,-2.0,4.0,45.5,0.0
5.329999999999931,-2.7984473076158105,1.2110744734419585,33.1483593283544,-0.9533862980882191,0.19553190547788363,10.244498524157704,-2.0,4.0,45.5,0.0
5.339999999999931,-2.8041389613799512,1.1994646937558127,33.24603562902084,-0.9532310471794112,0.19802567891547349,10.32139116304172,-2.0,4.0,45.5,0.0
5.34999999999993,-2.8099658897661843,1.1879563499887364,33.343805504855304,-0.9531293840104471,0.20043382556059613,10.395442570735892,-2.0,4.0,45.5,0.0
5.35999999999993,-2.816046309739461,1.1767557852671433,33.44163450769265,-0.9530876564394131,0.20286298764885385,10.468708587852545,-2.0,4.0,45.5,0.0
5.36999999999993,-2.8222659499507525,1.1659600265800525,33.53952473547149,-0.9530787759393708,0.20532070090651716,10.541621683666754,-2.0,4.0,45.5,0.0
5.37999999999993,-2.8279455796814026,1.1560724491981147,33.63750284409749,-0.9529544892241972,0.20841144517490923,10.629016819454487,-2.0,4.0,45.5,0.0
5.3899999999999295,-2.832733367405293,1.1482994379585347,33.73552931953358,-0.9526769645323514,0.21156849188930593,10.717448962685275,-2.0,4.0,45.5,0.0
5.399999999999929,-2.837358699379251,1.1413872054192027,33.83362053276075,-0.952416280076779,0.2148318627680012,10.806815141809327,-2.0,4.0,45.5,0.0
5.409999999999929,-2.842343141949381,1.1357983600013148,33.931513863729585,-0.9522629515841103,0.21760254459109873,10.882007189390949,-2.0,4.0,45.5,0.0
5.419999999999929,-2.847722317304424,1.1312663051943652,34.02938472526541,-0.9521703900398888,0.22047855346514833,10.957269124570066,-2.0,4.0,45.5,0.0
5.429999999999929,-2.853470976788686,1.1282456047111735,34.1272141964963,-0.9521271031166485,0.2235705106243051,11.034618826577793,-2.0,4.0,45.5,0.0
5.4399999999999284,-2.8594967474607307,1.1265561588673183,34.22502678265134,-0.9521245916345897,0.22650452948012756,11.106232649797267,-2.0,4.0,45.5,0.0
5.449999999999928,-2.8656428742502875,1.126213498626643,34.322852847169514,-0.9521120573843691,0.2297511571986206,11.182881685100641,-2.0,4.0,45.5,0.0
5.459999999999928,-2.871856120717502,1.1267992545804635,34.42071600355062,-0.9521094029465527,0.23316964563108916,11.261724151703842,-2.0,4.0,45.5,0.0
5.469999999999928,-2.878333027171572,1.1290642059619407,34.518543462547655,-0.9521454777298006,0.23642459872774158,11.334327582414222,-2.0,4.0,45.5,0.0
5.479999999999928,-2.8850415925838315,1.1332140543568852,34.61633053536424,-0.9521908162639539,0.23983829318528116,11.407638805533974,-2.0,4.0,45.5,0.0
5.489999999999927,-2.8918794985329166,1.1384132408695657,34.71413243305303,-0.9518375704444024,0.24446708437339915,11.508503192848105,-2.0,4.0,45.5,0.0
5.499999999999927,-2.897648041442365,1.1451113461470181,34.81201334563195,-0.9516993827335047,0.24856217339489994,11.594588530200209,-2.0,4.0,45.5,0.0
5.509999999999927,-2.9035433154176853,1.1529328213967338,34.90738852090125,-0.9516779753805622,0.2517894036610508,11.65937338600642,-2.0,4.0,45.5,0.0
5.519999999999927,-2.909560821184151,1.1618051394494795,35.00034185137094,-0.9513831663886396,0.25612420780892453,11.747377960700899,-2.0,4.0,45.5,0.0
5.5299999999999265,-2.915873984772591,1.1710734102710172,35.093562589836694,-0.9508174556623832,0.2625931445179112,11.879405148163794,-2.0,4.0,45.5,0.0
5.539999999999926,-2.9222860218985467,1.1812763448667174,35.18440067694771,-0.9510974449437037,0.26590953829634945,11.938819142385498,-2.0,4.0,45.5,0.0
5.549999999999926,-2.9275897167058815,1.1927776888307755,35.275651329955636,-0.9504341556714595,0.2724723401161917,12.068520585252612,-2.0,4.0,45.5,0.0
5.559999999999926,-2.9328709412320646,1.2052158428127935,35.36683191493284,-0.9505453441650573,0.27641894784100796,12.138769522340095,-2.0,4.0,45.5,0.0
5.569999999999926,-2.9382833453095256,1.2184317660666832,35.45566210141471,-0.9507024877854207,0.27940488015800913,12.18769302535421,-2.0,4.0,45.5,0.0
5.5799999999999255,-2.943674880524947,1.2328510172946874,35.54491977320503,-0.9504809433014321,0.2840584145030567,12.269986089218717,-2.0,4.0,45.5,0.0
5.589999999999925,-2.9489556409722284,1.2485398550777342,35.63459535252487,-0.950550449795438,0.2868831729322645,12.312916647893534,-2.0,4.0,45.5,0.0
5.599999999999925,-2.9539675181894935,1.2653188585166482,35.724668652812674,-0.9505355676114107,0.2898476520445792,12.357735501891577,-2.0,4.0,45.5,0.0
5.609999999999925,-2.959122962522538,1.282528556360328,35.815111628098485,-0.9504990448611519,0.29279827971124206,12.401870749904765,-2.0,4.0,45.5,0.0
5.619999999999925,-2.9639602901907636,1.3007828408022473,35.90592216550856,-0.9503656344810558,0.29599722924770067,12.449828887658091,-2.0,4.0,45.5,0.0
5.629999999999924,-2.9685639107514934,1.319945690085952,35.99706752415425,-0.9501673827760229,0.2993363692262738,12.499597393718938,-2.0,4.0,45.5,0.0
5.639999999999924,-2.973054113855743,1.3397869909416484,36.08853757161478,-0.9499227052657915,0.3027407376254433,12.549951152369887,-2.0,4.0,45.5,0.0
5.649999999999924,-2.977572883859056,1.3603166959709458,36.180309569110406,-0.9496551335460632,0.3062442435889823,12.601192332302668,-2.0,4.0,45.5,0.0
5.659999999999924,-2.9808653627437507,1.3816950279083462,36.27243683896481,-0.9491372555448745,0.3101133919300736,12.659581543090244,-2.0,4.0,45.5,0.0
5.6699999999999235,-2.984053102329056,1.4039449697927935,36.36483394655771,-0.9486081664618362,0.3139067396467911,12.715654357569338,-2.0,4.0,45.5,0.0
5.679999999999923,-2.986560288088357,1.4274234139410467,36.45751490146278,-0.9479435104910987,0.31811756978956574,12.77805355747566,-2.0,4.0,45.5,0.0
5.689999999999923,-2.988967979528606,1.4512616748667806,36.55045385392485,-0.9472753228091564,0.3221879428747058,12.837574020737339,-2.0,4.0,45.5,0.0
5.699999999999923,-2.9911284133287106,1.4758644116194024,36.64342900532073,-0.9465478650031223,0.3264318442047225,12.898997619487227,-2.0,4.0,45.5,0.0
5.709999999999923,-2.992965590496451,1.501411906352393,36.73663395936132,-0.9457550885374353,0.3308344125316037,12.962093368162892,-2.0,4.0,45.5,0.0
5.7199999999999225,-2.9945562489882054,1.527781452410658,36.83005399715492,-0.9449147236000854,0.3353050617463369,13.025382043006015,-2.0,4.0,45.5,0.0
5.729999999999922,-2.995875687766188,1.5546141190747764,36.92369199058876,-0.9440130010012648,0.33980752497367556,13.08879893749199,-2.0,4.0,45.5,0.0
5.739999999999922,-2.9967708939265805,1.5822627755846623,37.01753180273694,-0.943017721969724,0.34456112376165743,13.155531663067109,-2.0,4.0,45.5,0.0
5.749999999999922,-2.997541614299335,1.6099883493435603,37.11157270115872,-0.9420019416688081,0.3491971915322036,13.22020051742777,-2.0,4.0,45.5,0.0
5.759999999999922,-2.9980631934772104,1.6381223582411766,37.20579738092283,-0.9409208024910656,0.3539304039763875,13.28600681523065,-2.0,4.0,45.5,0.0
5.769999999999921,-2.9972965446915514,1.6667790790744998,37.30026588204387,-0.9395606590445738,0.3590901827638211,13.35946045115052,-2.0,4.0,45.5,0.0
5.779999999999921,-2.9962222234864617,1.6959576195570958,37.394895749104165,-0.9381788359557957,0.3640604140400807,13.429280946782423,-2.0,4.0,45.5,0.0
5.789999999999921,-2.9948699134855286,1.7259790473314776,37.48962753598542,-0.9367465883617212,0.3691623213714301,13.499989717427377,-2.0,4.0,45.5,0.0
5.799999999999921,-2.9922559370218824,1.7563983630443407,37.584554738724684,-0.9350448777215519,0.37461280295733695,13.57699109208954,-2.0,4.0,45.5,0.0
5.809999999999921,-2.989164457884559,1.7875008783781055,37.679619049842465,-0.9332885009432434,0.3800185843804096,13.652487966725516,-2.0,4.0,45.5,0.0
5.81999999999992,-2.9857618338142182,1.8192719942080453,37.77460265869407,-0.9314901154140074,0.38548543587906536,13.727663374238617,-2.0,4.0,45.5,0.0
5.82999999999992,-2.9819317276826127,1.851794421805363,37.86970753929661,-0.9296195415965922,0.3910582814744385,13.80345692402293,-2.0,4.0,45.5,0.0
5.83999999999992,-2.977959338439903,1.8845327637749962,37.964930685963395,-0.9277416187507208,0.39645249528277043,13.876014585518035,-2.0,4.0,45.5,0.0
5.84999999999992,-2.9735859996610654,1.9178697008487007,38.06026376042959,-0.9257557334609707,0.40220379997515376,13.953046719301899,-2.0,4.0,45.5,0.0
5.8599999999999195,-2.9686939864249804,1.9518899730781476,38.15570131437258,-0.92367643159265,0.4081329582290296,14.031814998904158,-2.0,4.0,45.5,0.0
5.869999999999919,-2.963308651392016,1.986416379634854,38.2512443482241,-0.921514357038804,0.4141756107803234,14.11152589494724,-2.0,4.0,45.5,0.0
5.879999999999919,-2.95774502994343,2.020696977792093,38.34690839766261,-0.9193230752574344,0.4202220935643082,14.191195074773026,-2.0,4.0,45.5,0.0
5.889999999999919,-2.9516581109185687,2.055523133888847,38.44266449594098,-0.9170333202672136,0.4264498883319181,14.272716113097871,-2.0,4.0,45.5,0.0
5.899999999999919,-2.945024988321023,2.0908272703078277,38.53850473593661,-0.9146481470092842,0.4328161127399417,14.355523498307207,-2.0,4.0,45.5,0.0
5.909999999999918,-2.9377180302687167,2.1268202514471675,38.63442291564753,-0.9121444143688056,0.4393742530386149,14.440166038106966,-2.0,4.0,45.5,0.0
5.919999999999918,-2.9298965862937085,2.1591662074355717,38.73067045809322,-0.9094505805900521,0.4456729131377548,14.526755566048625,-2.0,4.0,45.5,0.0
5.929999999999918,-2.9216434278683376,2.1922989406776847,38.82696479199448,-0.9067147474653796,0.452001965393781,14.612464264988017,-2.0,4.0,45.5,0.0
5.939999999999918,-2.912969541114816,2.225847381620203,38.92312601536566,-0.903914215374682,0.4583804766223567,14.697901439049398,-2.0,4.0,45.5,0.0
5.949999999999918,-2.903801315876656,2.2600307975347875,39.01933455737339,-0.9010551868193202,0.464661851041673,14.781085289026072,-2.0,4.0,45.5,0.0
5.959999999999917,-2.894088300068053,2.294958395873095,39.11558770597084,-0.8980722284617537,0.47122800874810433,14.867068685745911,-2.0,4.0,45.5,0.0
5.969999999999917,-2.8843825694363927,2.3292916739468326,39.21193725881083,-0.8950907860219939,0.4776943620450256,14.95186390036425,-2.0,4.0,45.5,0.0
5.979999999999917,-2.8740906791238086,2.364199948746507,39.308338150058184,-0.8919770885719256,0.48440885302652603,15.039200646068096,-2.0,4.0,45.5,0.0
5.989999999999917,-2.863549866825814,2.3991722675746425,39.404797300197835,-0.8888427162619852,0.4910053241087322,15.124457454758993,-2.0,4.0,45.5,0.0
5.9999999999999165,-2.853156397794932,2.433719503776083,39.50131539323719,-0.8858022486048023,0.4970360925583641,15.202132179338388,-2.0,4.0,45.5,0.0
6.009999999999916,-2.8424520849603674,2.4673976329762066,39.59529185271882,-0.8827939793412227,0.5026052959360755,15.274136703061231,-2.0,4.0,45.5,0.0
6.019999999999916,-2.8317325585634627,2.500676421113269,39.689461953533545,-0.8795695277222819,0.5089859964249959,15.357089232758522,-2.0,4.0,45.5,0.0
6.029999999999916,-2.8204418455339817,2.5344374759198027,39.78378540348566,-0.8761581548540462,0.5158591419775247,15.445845358595374,-2.0,4.0,45.5,0.0
6.039999999999916,-2.808838758755927,2.568385955691179,39.878261604588076,-0.8727405677613174,0.5225268820735893,15.531355988686238,-2.0,4.0,45.5,0.0
6.0499999999999154,-2.7968786517726207,2.602439321685313,39.972887340731305,-0.8691922136145482,0.5295569285393116,15.621120104716208,-2.0,4.0,45.5,0.0
6.059999999999915,-2.784740691596193,2.635566244854444,40.0674238805193,-0.8655854257201587,0.536554196824226,15.711203051115287,-2.0,4.0,45.5,0.0
6.069999999999915,-2.7721192351097694,2.668905211272161,40.16211339362792,-0.8618806237495438,0.5436698334888774,15.802342604327118,-2.0,4.0,45.5,0.0
6.079999999999915,-2.759061081499601,2.702318781455515,40.25694940055195,-0.8580907039639032,0.5508534824735962,15.894019968378592,-2.0,4.0,45.5,0.0
6.089999999999915,-2.7456027005940244,2.735798551793139,40.351926658154575,-0.8542220412439185,0.5581032056739774,15.986157058174928,-2.0,4.0,45.5,0.0
6.099999999999914,-2.7319473825146154,2.769015978788342,40.44705360778773,-0.8503045803119686,0.5653936485445986,16.078689863378187,-2.0,4.0,45.5,0.0
6.109999999999914,-2.718095716139371,2.8019055457902597,40.54232763398934,-0.8463349324139797,0.5727126979431842,16.171591360131043,-2.0,4.0,45.5,0.0
6.119999999999914,-2.704100489731943,2.834297594160697,40.637746288461635,-0.8423179219217423,0.5800359797547568,16.264788663860134,-2.0,4.0,45.5,0.0
6.129999999999914,-2.6903790460956323,2.866047868486294,40.732714548293075,-0.8384205930799649,0.5870816772537583,16.354255279975387,-2.0,4.0,45.5,0.0
6.1399999999999135,-2.6768622224467213,2.897017119654093,40.827731936414374,-0.8344682741803098,0.5943886427168632,16.44722631967657,-2.0,4.0,45.5,0.0
6.149999999999913,-2.663253038513745,2.92741497859146,40.92292479145128,-0.8304550747834938,0.6017578301122963,16.541348065403753,-2.0,4.0,45.5,0.0
6.159999999999913,-2.6496067868176594,2.9573055807889017,41.018080947584366,-0.8264139553151679,0.6091279519152258,16.6354771024254,-2.0,4.0,45.5,0.0
6.169999999999913,-2.635850401962294,2.986906517568692,41.113346107609104,-0.8223421874418262,0.6164976955360784,16.729529350465913,-2.0,4.0,45.5,0.0
6.179999999999913,-2.622079940824631,3.015844913779308,41.208786216304176,-0.8182319798207374,0.6238700360855516,16.824097647955846,-2.0,4.0,45.5,0.0
6.1899999999999125,-2.6091932882262467,3.043206613011278,41.303521487555535,-0.8144008537658642,0.6306800456679235,16.91242700433616,-2.0,4.0,45.5,0.0
6.199999999999912,-2.5962423473319562,3.070024469356884,41.39846017428604,-0.8103789643479404,0.6380051838939913,17.007424772357716,-2.0,4.0,45.5,0.0
6.209999999999912,-2.583522773685041,3.096190426756886,41.49346528643486,-0.8064019747545856,0.6452521395473134,17.101631960916507,-2.0,4.0,45.5,0.0
6.219999999999912,-2.5709566499097543,3.121546898014292,41.58866387837171,-0.8024063910933918,0.6525230416115511,17.196736571836016,-2.0,4.0,45.5,0.0
6.229999999999912,-2.558309267711606,3.1461831607246435,41.683915698377895,-0.7983863610485906,0.6596543827041552,17.290974569032123,-2.0,4.0,45.5,0.0
6.239999999999911,-2.545748685655762,3.1703957009171564,41.779268032096944,-0.7943491416282421,0.6668410732813292,17.385905146638418,-2.0,4.0,45.5,0.0
6.249999999999911,-2.533202906819011,3.1936614941074444,41.87475681262318,-0.7902763400910828,0.673935192480199,17.48086740207485,-2.0,4.0,45.5,0.0
6.259999999999911,-2.5206228314819175,3.216516542734198,41.97020767400543,-0.7861596158112113,0.681060776968363,17.576259580905457,-2.0,4.0,45.5,0.0
6.269999999999911,-2.5080109609354087,3.2390508000438105,42.06582057970052,-0.7820133965991687,0.6881916482065789,17.671818588700667,-2.0,4.0,45.5,0.0
6.2799999999999105,-2.495318447798109,3.2612468774602594,42.161585367745936,-0.777827856929388,0.6953091886730273,17.76744123423196,-2.0,4.0,45.5,0.0
6.28999999999991,-2.4825921442055034,3.283163952922649,42.25750424120186,-0.7736097639256093,0.7024432053529662,17.86330572646532,-2.0,4.0,45.5,0.0
6.29999999999991,-2.4698654775999547,3.304749513152534,42.35357155112302,-0.7693676533046309,0.7095769966916317,17.959271806216318,-2.0,4.0,45.5,0.0
6.30999999999991,-2.457113226741793,3.3261154141676976,42.44977515454718,-0.7650975971389969,0.7167290856791899,18.055392148507163,-2.0,4.0,45.5,0.0
6.31999999999991,-2.4443182077788075,3.3473285812978313,42.54610096983098,-0.7607986625763594,0.7239034112865861,18.151615652417302,-2.0,4.0,45.5,0.0
6.3299999999999095,-2.431457512395361,3.3684560212254033,42.64254098233257,-0.7564658738022239,0.7311119028109294,18.247990916262687,-2.0,4.0,45.5,0.0
6.339999999999909,-2.418540852749768,3.389515291775897,42.739088469595785,-0.7521020222903338,0.7383563946474867,18.34449132912901,-2.0,4.0,45.5,0.0
6.349999999999909,-2.405565037644819,3.410539904417426,42.83573441720675,-0.7477069246192478,0.7456417599706571,18.44111379214534,-2.0,4.0,45.5,0.0
6.359999999999909,-2.392528185321379,3.431560156513016,42.932273301766806,-0.7432806466075589,0.7529726193814072,18.537657148959322,-2.0,4.0,45.5,0.0
6.369999999999909,-2.379427332981474,3.452611396289308,43.02890422053055,-0.7388231426736632,0.7603544802148337,18.634326512994793,-2.0,4.0,45.5,0.0
6.379999999999908,-2.366260153621632,3.4737168879485187,43.12562077161952,-0.7343342158611784,0.7677908750643265,18.7311180353594,-2.0,4.0,45.5,0.0
6.389999999999908,-2.3530303130379457,3.494881412649686,43.22241667945547,-0.7298144174072939,0.7752829830997978,18.82802686540306,-2.0,4.0,45.5,0.0
6.399999999999908,-2.339714148048667,3.5161755183813423,43.31928212374697,-0.7252603288572635,0.7828397677169656,18.925049114781608,-2.0,4.0,45.5,0.0
6.409999999999908,-2.326318170985621,3.5375995752472305,43.41621143450272,-0.7206730199416782,0.7904622648297845,19.022179691245675,-2.0,4.0,45.5,0.0
6.419999999999908,-2.329491252393534,3.5480293454070257,43.50544588695864,-0.6970364478014126,0.7843727364235213,19.11905921746747,-2.0,4.0,45.5,3.0605100456911463
6.429999999999907,-2.3338031420933905,3.5574600911875205,43.59287235258806,-0.6982874806447227,0.7795313215511444,19.098416583762138,-2.0,4.0,45.5,0.28704707640913096
6.439999999999907,-2.319333416242884,3.5772765138520954,43.677117236002786,-0.6942211030167867,0.7883601618158487,19.20320676647692,-2.0,4.0,45.5,0.0
6.449999999999907,-2.3068020020753055,3.595540394003321,43.761692930409005,-0.6892255937623162,0.7997524708041652,19.342118686648323,-2.0,4.0,45.5,0.0022101249196958862
6.459999999999907,-2.3107881128503123,3.6048036010821507,43.84658506859815,-0.6885637916076631,0.805584851292994,19.43693368652918,-2.0,4.0,45.5,0.05596884127824492
6.4699999999999065,-2.314491018721327,3.614297342222936,43.930823717888565,-0.6881153592107624,0.8114243542832797,19.531094118930127,-2.0,4.0,45.5,0.03548239505414638
6.479999999999906,-2.3161227432604248,3.623634430573331,44.01411003353891,-0.6874637662410841,0.8172662275174865,19.625574304008943,-2.0,4.0,45.5,0.02012445225930889
6.489999999999906,-2.316612724951657,3.633104142738525,44.09603497159496,-0.6866571781340409,0.8231081419635664,19.7204144581056,-2.0,4.0,45.5,0.017306340777524503
6.499999999999906,-2.316933681808326,3.6426344383425713,44.17658009058013,-0.6858742585773571,0.8289155492271973,19.815742864980145,-2.0,4.0,45.5,0.01887416290766416
6.509999999999906,-2.3152867335945477,3.652414135157983,44.2556082229658,-0.6847823935918562,0.834735553447941,19.911551797670803,-2.0,4.0,45.5,0.019511488402104555
6.519999999999905,-2.311359250961024,3.6625511855989865,44.33291757904089,-0.6833007044277649,0.8406028842961186,20.007885223063802,-2.0,4.0,45.5,0.01924861441256582
6.529999999999905,-2.305267947056513,3.6731465577399716,44.40831410599804,-0.6814463100602772,0.846554986334402,20.10476228611776,-2.0,4.0,45.5,0.019115686281307723
6.539999999999905,-2.2970981209948578,3.684259229129403,44.481623989388844,-0.6792320645744674,0.8526182127910706,20.20216799630843,-2.0,4.0,45.5,0.019054681962354502
6.549999999999905,-2.2869195967691174,3.6959315689059458,44.55269199647095,-0.6766691659576942,0.8588142384041904,20.300066410068972,-2.0,4.0,45.5,0.01903375815448232
6.559999999999905,-2.2743280310297878,3.708381424767526,44.62116188185456,-0.6736773075954793,0.8652068553381991,20.39838423811548,-2.0,4.0,45.5,0.018717911674356987
6.569999999999904,-2.258974919047079,3.7218502437151457,44.68658150558522,-0.6701718675986967,0.8719134566367206,20.49752434379389,-2.0,4.0,45.5,0.01814273163687824
6.579999999999904,-2.2407189622259778,3.7365254117363635,44.7485316578268,-0.6659389775853306,0.878985032891773,20.597508363877523,-2.0,4.0,45.5,0.01742982279503253
6.589999999999904,-2.2195402412536542,3.7525397809208787,44.80663849534245,-0.661117257496528,0.8878185199814828,20.71278008873557,-2.0,4.0,45.5,0.016629177325421143
6.599999999999904,-2.195366060189936,3.7700650665122915,44.86043956229364,-0.6546905723391419,0.9005942567670768,20.86841597417811,-2.0,4.0,45.5,0.015694226324577325
6.6099999999999035,-2.168225397639524,3.78921705684358,44.909542889221235,-0.6478137965859219,0.9137125393665242,21.021722143437948,-2.0,4.0,45.5,0.014658749023375169
6.619999999999903,-2.1382491760807856,3.8100502479146185,44.953613285102655,-0.6404897954800469,0.9272839881967894,21.173130056032626,-2.0,4.0,45.5,0.013418585302009175
6.629999999999903,-2.105681946064369,3.8325410919100893,44.9924445120679,-0.6327386267428246,0.9414204926417931,21.323275822216463,-2.0,4.0,45.5,0.012002406481720063
6.639999999999903,-2.0708563917696425,3.8565931352971745,45.02594279067607,-0.6245896447698486,0.9562530637260556,21.47317454641298,-2.0,4.0,45.5,0.010425239729431915
6.649999999999903,-2.0341298879453635,3.882075886508148,45.05409105235218,-0.6160586757227334,0.971977899051998,21.624683741905727,-2.0,4.0,45.5,0.00870134211472003
6.659999999999902,-1.9959480726501504,3.908781360162877,45.07701647153424,-0.6071279813418398,0.9889690669310613,21.781784717762182,-2.0,4.0,45.5,0.00684370476828356
6.669999999999902,-1.9567709087243415,3.936471517007808,45.0949470192055,-0.5976374270794408,1.008145307260605,21.954469989025085,-2.0,4.0,45.5,0.004878216236715749
6.679999999999902,-1.917068931186961,3.9648813695644054,45.108190948466735,-0.5868718202449621,1.0325582809205844,22.175603939175023,-2.0,4.0,45.5,0.002812422825764453
6.689999999999902,-1.8773109254399223,3.993726199014758,45.1171397829235,-0.5715989599427829,1.0750568855930218,22.58196054773203,-2.0,4.0,45.5,0.0006681139030045472
6.699999999999902,-1.8389703974332228,4.020356767423547,45.1224449532072,-0.5636943114090583,1.0902133199596928,22.69631640806271,-2.0,4.0,45.5,0.0
6.709999999999901,-1.802481038446406,4.043893430242864,45.12460631356903,-0.5561657849466249,1.1052160540257112,22.811040566610217,-2.0,4.0,45.5,0.0
6.719999999999901,-1.7677828822587047,4.064557251266903,45.12404029576329,-0.5490073717199593,1.1201066800147548,22.926516570236704,-2.0,4.0,45.5,0.0
6.729999999999901,-1.7348316550403666,4.082592756311385,45.12124277488286,-0.54220804065179,1.1349458726680863,23.043285995688773,-2.0,4.0,45.5,0.0
6.739999999999901,-1.7035949596080666,4.098245547326335,45.11674217609529,-0.5357504064456649,1.1498118071551273,23.162067103812547,-2.0,4.0,45.5,0.0
6.7499999999999005,-1.674041815054968,4.111744883640216,45.111013178513254,-0.5296070868892748,1.1648087638553237,23.28383527408142,-2.0,4.0,45.5,0.0
6.7599999999999,-1.6461369749302883,4.123292387105024,45.104353288272556,-0.5237373659635338,1.1800961726251546,23.41005483023471,-2.0,4.0,45.5,0.0
6.7699999999999,-1.6198500575607895,4.133085358630086,45.09715308250327,-0.5180626429737387,1.1959650684225067,23.543489936839627,-2.0,4.0,45.5,0.0
6.7799999999999,-1.5951615801012424,4.141322148692844,45.08981001069434,-0.5124682358361738,1.2128651153284178,23.688364030269998,-2.0,4.0,45.5,0.0
6.7899999999999,-1.572058922316166,4.148195605355147,45.082498009222114,-0.5067856002904422,1.2314793581527972,23.8508529565741,-2.0,4.0,45.5,0.0
6.7999999999998995,-1.5505275976388717,4.153882269353395,45.07575167441897,-0.5008540482745545,1.2524452338806817,24.036907688915797,-2.0,4.0,45.5,0.0
6.809999999999899,-1.530556047498192,4.158550039237552,45.07007030089277,-0.4959605948780492,1.2702697734052286,24.19277461323641,-2.0,4.0,45.5,0.0
6.819999999999899,-1.5121337132820645,4.162349717565348,45.06548065879148,-0.49287882526018123,1.281689573354446,24.286226866709978,-2.0,4.0,45.5,0.0
6.829999999999899,-1.4952335296144534,4.165401651809882,45.06212217537274,-0.49013582072201,1.2930776670803341,24.379794557944024,-2.0,4.0,45.5,0.0
6.839999999999899,-1.4798389904976235,4.167828574928714,45.06014626298397,-0.4877368130378201,1.3044427239752419,24.473394941268328,-2.0,4.0,45.5,0.0
6.849999999999898,-1.4659329237693843,4.16974196765026,45.05968330646079,-0.4856871019982023,1.3157902244442647,24.566927776281727,-2.0,4.0,45.5,0.0
6.859999999999898,-1.4535014812447866,4.171247744012031,45.06084805777341,-0.48399317899954764,1.3271249728213252,24.660283698695153,-2.0,4.0,45.5,0.0
6.869999999999898,-1.4425252273332374,4.172434805720287,45.06370984028191,-0.48266094385428104,1.3384486166079077,24.753343568967455,-2.0,4.0,45.5,0.0
6.879999999999898,-1.4329861023163308,4.173385221383949,45.06832294037465,-0.4816970212896372,1.349762085820064,24.84598481733254,-2.0,4.0,45.5,0.0
6.8899999999998975,-1.4248621213332764,4.17416789317033,45.074522949972575,-0.48110742987628186,1.3610628074452205,24.937876371098525,-2.0,4.0,45.5,0.0
6.899999999999897,-1.4181366907593376,4.174851305368237,45.082531782296826,-0.4809010065994742,1.3723492413201288,25.029083595083808,-2.0,4.0,45.5,0.0
6.909999999999897,-1.412790530322502,4.175492662423653,45.09234628768269,-0.4810865749522577,1.3836165449925808,25.119452471622072,-2.0,4.0,45.5,0.0
6.919999999999897,-1.4087979728326925,4.176135188641796,45.10393669630008,-0.48167212198704235,1.394855722343731,25.208815373508152,-2.0,4.0,45.5,0.0
6.929999999999897,-1.406139517472494,4.176823702053039,45.11728398986842,-0.48266794615667397,1.4060569935301792,25.296990084734993,-2.0,4.0,45.5,0.0
6.9399999999998965,-1.4047844559585259,4.1775840585445145,45.13232584396289,-0.48408307929240735,1.4172035365042013,25.383764508859194,-2.0,4.0,45.5,0.0
6.949999999999896,-1.404710817279813,4.178435776689599,45.149013250425654,-0.4859476443679718,1.428192735540252,25.468184508024773,-2.0,4.0,45.5,0.0
6.959999999999896,-1.4059103598147946,4.179397044370633,45.16730344915691,-0.4882922061612048,1.4389273152845163,25.549353817850864,-2.0,4.0,45.5,0.0
6.969999999999896,-1.4083718494716209,4.180474772782746,45.18712415368313,-0.4911301181405072,1.44937270777397,25.626954624783302,-2.0,4.0,45.5,0.0
6.979999999999896,-1.4120717678551884,4.181667108475811,45.208404758853106,-0.4944508525457786,1.4595765111271017,25.701410397704876,-2.0,4.0,45.5,0.0
6.989999999999895,-1.416981546127216,4.182968738121194,45.230860986691255,-0.49930347684306053,1.465812649666507,25.740469591941974,-2.0,4.0,45.5,0.0
6.999999999999895,-1.4230689253177982,4.184371389117479,45.25459480884132,-0.5044616273362373,1.4723196061433939,25.781308473072194,-2.0,4.0,45.5,0.0
7.009999999999895,-1.4302927669882348,4.185856903342314,45.27948613477795,-0.509933015759021,1.479071256031741,25.82373358298371,-2.0,4.0,45.5,0.0
7.019999999999895,-1.4386141497451166,4.187397195202264,45.30538453309576,-0.5157333715705334,1.485993901164413,25.867161664061353,-2.0,4.0,45.5,0.0
7.0299999999998946,-1.4479897072231427,4.188953164687614,45.33209325137444,-0.5218707924521517,1.4930387244378984,25.91123409823815,-2.0,4.0,45.5,0.0
7.039999999999894,-1.458374494128829,4.190489585063707,45.359455981322824,-0.5283409924879444,1.5002009789293531,25.955974470836374,-2.0,4.0,45.5,0.0
7.049999999999894,-1.4696576960030705,4.18101085240513,45.38833233024411,-0.5349819863705464,1.5030452416063405,25.997490234521745,-2.0,4.0,45.5,0.03308577090752507
7.059999999999894,-1.4813631755470429,4.157163145696549,45.418619322988484,-0.541599484902072,1.5000237951664597,26.033146437069632,-2.0,4.0,45.5,0.07835394000605914
7.069999999999894,-1.493403534960206,4.133928785705547,45.44815699162754,-0.5484715040345803,1.496409759096716,26.06105741110725,-2.0,4.0,45.5,0.07917576711208989
7.0799999999998935,-1.505693591058669,4.111747185669235,45.47642751858844,-0.5556122527774612,1.4921246848309442,26.078528507647682,-2.0,4.0,45.5,0.07828464631936412
7.089999999999893,-1.5181723206497701,4.090963578212949,45.502941002437936,-0.563103038486723,1.486988726520778,26.082359294860623,-2.0,4.0,45.5,0.07542700799264875
7.099999999999893,-1.5307942684876163,4.071893060540355,45.52722396642788,-0.5710062445519027,1.480771222735926,26.06920919570278,-2.0,4.0,45.5,0.07050463485616075
7.109999999999893,-1.543557449281881,4.05476700704634,45.54889468088189,-0.5791815324029805,1.474155933925697,26.04395014433256,-2.0,4.0,45.5,0.0636663828372371
7.119999999999893,-1.5565435460459285,4.039758135270318,45.56762960193826,-0.5875825447196233,1.4675511578980167,26.009377383170467,-2.0,4.0,45.5,0.05501372016586059
7.129999999999892,-1.5700011537575427,4.026995744961476,45.58317687149125,-0.5962475066173845,1.4612427216700734,25.96744722509488,-2.0,4.0,45.5,0.044655102362079625
7.139999999999892,-1.584555319453089,4.01661824766573,45.59534430086075,-0.6053698345386955,1.4553939417237185,25.919098314590382,-2.0,4.0,45.5,0.03271774479723349
7.149999999999892,-1.6017147810775372,4.008903470128525,45.604004980780424,-0.6154514142286658,1.4501163143953857,25.864494800820655,-2.0,4.0,45.5,0.019927258604744865
7.159999999999892,-1.6236641709436883,4.0043639116607075,45.608978993055544,-0.6271004921089833,1.4461069446307047,25.8083446550177,-2.0,4.0,45.5,0.009069489129968801
7.169999999999892,-1.650668651669573,4.0029618084681875,45.610319932340985,-0.6403814174801924,1.4432156423354616,25.749871051893603,-2.0,4.0,45.5,0.0022652574200517192
7.179999999999891,-1.6799941046154945,4.0021209784942355,45.60852121713471,-0.654260024275704,1.4409032180411465,25.692450465215426,-2.0,4.0,45.5,0.0
7.189999999999891,-1.709794346971392,3.9998801160175326,45.6040606422866,-0.66810917746146,1.4384478478894103,25.635909783808877,-2.0,4.0,45.5,0.0
7.199999999999891,-1.7399055450824497,3.9962292551348053,45.597397813228135,-0.6818669241251811,1.435890172177228,25.581005369420318,-2.0,4.0,45.5,0.0
